project,prediction,target,train_strategy,model_arch
abdera,graduated,graduated,Ac^ --> Ac^^,BLSTM
accumulo,graduated,graduated,Ac^ --> Ac^^,BLSTM
ace,graduated,graduated,Ac^ --> Ac^^,BLSTM
activemq,graduated,graduated,Ac^ --> Ac^^,BLSTM
adffaces,graduated,graduated,Ac^ --> Ac^^,BLSTM
agila,retired,retired,Ac^ --> Ac^^,BLSTM
airavata,graduated,graduated,Ac^ --> Ac^^,BLSTM
airflow,graduated,graduated,Ac^ --> Ac^^,BLSTM
allura,graduated,graduated,Ac^ --> Ac^^,BLSTM
alois,retired,retired,Ac^ --> Ac^^,BLSTM
amaterasu,retired,retired,Ac^ --> Ac^^,BLSTM
ambari,graduated,graduated,Ac^ --> Ac^^,BLSTM
ant,graduated,graduated,Ac^ --> Ac^^,BLSTM
any23,graduated,graduated,Ac^ --> Ac^^,BLSTM
apex,graduated,graduated,Ac^ --> Ac^^,BLSTM
apisix,graduated,graduated,Ac^ --> Ac^^,BLSTM
ariatosca,retired,retired,Ac^ --> Ac^^,BLSTM
aries,graduated,graduated,Ac^ --> Ac^^,BLSTM
asterixdb,graduated,graduated,Ac^ --> Ac^^,BLSTM
atlas,graduated,graduated,Ac^ --> Ac^^,BLSTM
aurora,graduated,graduated,Ac^ --> Ac^^,BLSTM
awf,retired,retired,Ac^ --> Ac^^,BLSTM
batchee,retired,graduated,Ac^ --> Ac^^,BLSTM
beam,graduated,graduated,Ac^ --> Ac^^,BLSTM
beehive,graduated,graduated,Ac^ --> Ac^^,BLSTM
bigtop,graduated,graduated,Ac^ --> Ac^^,BLSTM
bloodhound,graduated,graduated,Ac^ --> Ac^^,BLSTM
bluesky,retired,retired,Ac^ --> Ac^^,BLSTM
blur,retired,retired,Ac^ --> Ac^^,BLSTM
bookkeeper,graduated,graduated,Ac^ --> Ac^^,BLSTM
brooklyn,graduated,graduated,Ac^ --> Ac^^,BLSTM
buildr,graduated,graduated,Ac^ --> Ac^^,BLSTM
bval,graduated,graduated,Ac^ --> Ac^^,BLSTM
calcite,graduated,graduated,Ac^ --> Ac^^,BLSTM
carbondata,graduated,graduated,Ac^ --> Ac^^,BLSTM
cassandra,graduated,graduated,Ac^ --> Ac^^,BLSTM
cayenne,graduated,graduated,Ac^ --> Ac^^,BLSTM
celix,graduated,graduated,Ac^ --> Ac^^,BLSTM
chemistry,graduated,graduated,Ac^ --> Ac^^,BLSTM
chukwa,graduated,graduated,Ac^ --> Ac^^,BLSTM
clerezza,graduated,graduated,Ac^ --> Ac^^,BLSTM
click,graduated,graduated,Ac^ --> Ac^^,BLSTM
climate,graduated,graduated,Ac^ --> Ac^^,BLSTM
cloudstack,graduated,graduated,Ac^ --> Ac^^,BLSTM
cmda,retired,retired,Ac^ --> Ac^^,BLSTM
commons,graduated,graduated,Ac^ --> Ac^^,BLSTM
commonsrdf,graduated,graduated,Ac^ --> Ac^^,BLSTM
composer,graduated,retired,Ac^ --> Ac^^,BLSTM
concerted,retired,retired,Ac^ --> Ac^^,BLSTM
cordova,graduated,graduated,Ac^ --> Ac^^,BLSTM
corinthia,retired,retired,Ac^ --> Ac^^,BLSTM
couchdb,graduated,graduated,Ac^ --> Ac^^,BLSTM
crunch,graduated,graduated,Ac^ --> Ac^^,BLSTM
ctakes,graduated,graduated,Ac^ --> Ac^^,BLSTM
curator,graduated,graduated,Ac^ --> Ac^^,BLSTM
cxf,graduated,graduated,Ac^ --> Ac^^,BLSTM
daffodil,graduated,graduated,Ac^ --> Ac^^,BLSTM
datafu,graduated,graduated,Ac^ --> Ac^^,BLSTM
datasketches,graduated,graduated,Ac^ --> Ac^^,BLSTM
deltacloud,graduated,graduated,Ac^ --> Ac^^,BLSTM
deltaspike,graduated,graduated,Ac^ --> Ac^^,BLSTM
derby,graduated,graduated,Ac^ --> Ac^^,BLSTM
devicemap,graduated,graduated,Ac^ --> Ac^^,BLSTM
directmemory,graduated,graduated,Ac^ --> Ac^^,BLSTM
directory,graduated,graduated,Ac^ --> Ac^^,BLSTM
dolphinscheduler,graduated,graduated,Ac^ --> Ac^^,BLSTM
drill,graduated,graduated,Ac^ --> Ac^^,BLSTM
droids,retired,retired,Ac^ --> Ac^^,BLSTM
druid,graduated,graduated,Ac^ --> Ac^^,BLSTM
dubbo,graduated,graduated,Ac^ --> Ac^^,BLSTM
eagle,graduated,graduated,Ac^ --> Ac^^,BLSTM
echarts,graduated,graduated,Ac^ --> Ac^^,BLSTM
edgent,retired,retired,Ac^ --> Ac^^,BLSTM
empire,graduated,graduated,Ac^ --> Ac^^,BLSTM
esme,graduated,graduated,Ac^ --> Ac^^,BLSTM
etch,retired,graduated,Ac^ --> Ac^^,BLSTM
falcon,graduated,graduated,Ac^ --> Ac^^,BLSTM
felix,graduated,graduated,Ac^ --> Ac^^,BLSTM
fineract,graduated,graduated,Ac^ --> Ac^^,BLSTM
flex,graduated,graduated,Ac^ --> Ac^^,BLSTM
flink,graduated,graduated,Ac^ --> Ac^^,BLSTM
flume,graduated,graduated,Ac^ --> Ac^^,BLSTM
fluo,graduated,graduated,Ac^ --> Ac^^,BLSTM
freemarker,graduated,graduated,Ac^ --> Ac^^,BLSTM
ftpserver,retired,graduated,Ac^ --> Ac^^,BLSTM
gearpump,retired,retired,Ac^ --> Ac^^,BLSTM
geode,graduated,graduated,Ac^ --> Ac^^,BLSTM
giraph,graduated,graduated,Ac^ --> Ac^^,BLSTM
gobblin,graduated,graduated,Ac^ --> Ac^^,BLSTM
gora,graduated,graduated,Ac^ --> Ac^^,BLSTM
gossip,retired,retired,Ac^ --> Ac^^,BLSTM
graffito,retired,retired,Ac^ --> Ac^^,BLSTM
griffin,graduated,graduated,Ac^ --> Ac^^,BLSTM
groovy,graduated,graduated,Ac^ --> Ac^^,BLSTM
guacamole,graduated,graduated,Ac^ --> Ac^^,BLSTM
hama,graduated,graduated,Ac^ --> Ac^^,BLSTM
harmony,graduated,graduated,Ac^ --> Ac^^,BLSTM
hawq,graduated,graduated,Ac^ --> Ac^^,BLSTM
hcatalog,graduated,graduated,Ac^ --> Ac^^,BLSTM
hdt,retired,retired,Ac^ --> Ac^^,BLSTM
helix,graduated,graduated,Ac^ --> Ac^^,BLSTM
heraldry,retired,retired,Ac^ --> Ac^^,BLSTM
hise,retired,retired,Ac^ --> Ac^^,BLSTM
horn,retired,retired,Ac^ --> Ac^^,BLSTM
htrace,retired,retired,Ac^ --> Ac^^,BLSTM
hudi,graduated,graduated,Ac^ --> Ac^^,BLSTM
ibatis,graduated,graduated,Ac^ --> Ac^^,BLSTM
iceberg,graduated,graduated,Ac^ --> Ac^^,BLSTM
ignite,graduated,graduated,Ac^ --> Ac^^,BLSTM
impala,graduated,graduated,Ac^ --> Ac^^,BLSTM
imperius,retired,retired,Ac^ --> Ac^^,BLSTM
iota,retired,retired,Ac^ --> Ac^^,BLSTM
iotdb,graduated,graduated,Ac^ --> Ac^^,BLSTM
isis,graduated,graduated,Ac^ --> Ac^^,BLSTM
ivy,graduated,graduated,Ac^ --> Ac^^,BLSTM
jackrabbit,graduated,graduated,Ac^ --> Ac^^,BLSTM
jclouds,graduated,graduated,Ac^ --> Ac^^,BLSTM
jdo,graduated,graduated,Ac^ --> Ac^^,BLSTM
jena,graduated,graduated,Ac^ --> Ac^^,BLSTM
johnzon,graduated,graduated,Ac^ --> Ac^^,BLSTM
joshua,retired,graduated,Ac^ --> Ac^^,BLSTM
jspwiki,graduated,graduated,Ac^ --> Ac^^,BLSTM
juice,retired,retired,Ac^ --> Ac^^,BLSTM
juneau,graduated,graduated,Ac^ --> Ac^^,BLSTM
kafka,graduated,graduated,Ac^ --> Ac^^,BLSTM
kalumet,retired,retired,Ac^ --> Ac^^,BLSTM
kato,retired,retired,Ac^ --> Ac^^,BLSTM
kitty,retired,retired,Ac^ --> Ac^^,BLSTM
knox,graduated,graduated,Ac^ --> Ac^^,BLSTM
kudu,graduated,graduated,Ac^ --> Ac^^,BLSTM
kylin,graduated,graduated,Ac^ --> Ac^^,BLSTM
lens,graduated,graduated,Ac^ --> Ac^^,BLSTM
libcloud,graduated,graduated,Ac^ --> Ac^^,BLSTM
lokahi,retired,retired,Ac^ --> Ac^^,BLSTM
lucenenet,graduated,graduated,Ac^ --> Ac^^,BLSTM
lucy,graduated,graduated,Ac^ --> Ac^^,BLSTM
madlib,graduated,graduated,Ac^ --> Ac^^,BLSTM
manifoldcf,graduated,graduated,Ac^ --> Ac^^,BLSTM
marmotta,graduated,graduated,Ac^ --> Ac^^,BLSTM
mesos,graduated,graduated,Ac^ --> Ac^^,BLSTM
metamodel,graduated,graduated,Ac^ --> Ac^^,BLSTM
metron,graduated,graduated,Ac^ --> Ac^^,BLSTM
mnemonic,graduated,graduated,Ac^ --> Ac^^,BLSTM
mod_ftp,graduated,graduated,Ac^ --> Ac^^,BLSTM
mrql,retired,retired,Ac^ --> Ac^^,BLSTM
mrunit,graduated,graduated,Ac^ --> Ac^^,BLSTM
muse,graduated,graduated,Ac^ --> Ac^^,BLSTM
myfaces,graduated,graduated,Ac^ --> Ac^^,BLSTM
mynewt,graduated,graduated,Ac^ --> Ac^^,BLSTM
myriad,retired,retired,Ac^ --> Ac^^,BLSTM
netbeans,graduated,graduated,Ac^ --> Ac^^,BLSTM
nifi,graduated,graduated,Ac^ --> Ac^^,BLSTM
nmaven,graduated,retired,Ac^ --> Ac^^,BLSTM
npanday,retired,retired,Ac^ --> Ac^^,BLSTM
nutch,graduated,graduated,Ac^ --> Ac^^,BLSTM
nuvem,retired,graduated,Ac^ --> Ac^^,BLSTM
ode,graduated,graduated,Ac^ --> Ac^^,BLSTM
odf,retired,retired,Ac^ --> Ac^^,BLSTM
ofbiz,graduated,graduated,Ac^ --> Ac^^,BLSTM
olingo,graduated,graduated,Ac^ --> Ac^^,BLSTM
olio,retired,retired,Ac^ --> Ac^^,BLSTM
oltu,graduated,graduated,Ac^ --> Ac^^,BLSTM
omid,retired,graduated,Ac^ --> Ac^^,BLSTM
onami,graduated,graduated,Ac^ --> Ac^^,BLSTM
oodt,graduated,graduated,Ac^ --> Ac^^,BLSTM
oozie,graduated,graduated,Ac^ --> Ac^^,BLSTM
openaz,retired,retired,Ac^ --> Ac^^,BLSTM
openjpa,graduated,graduated,Ac^ --> Ac^^,BLSTM
openmeetings,graduated,graduated,Ac^ --> Ac^^,BLSTM
opennlp,graduated,graduated,Ac^ --> Ac^^,BLSTM
openoffice,graduated,graduated,Ac^ --> Ac^^,BLSTM
openwebbeans,graduated,graduated,Ac^ --> Ac^^,BLSTM
openwhisk,graduated,graduated,Ac^ --> Ac^^,BLSTM
parquet,graduated,graduated,Ac^ --> Ac^^,BLSTM
pdfbox,graduated,graduated,Ac^ --> Ac^^,BLSTM
phoenix,graduated,graduated,Ac^ --> Ac^^,BLSTM
photark,retired,retired,Ac^ --> Ac^^,BLSTM
pig,graduated,graduated,Ac^ --> Ac^^,BLSTM
pinot,graduated,graduated,Ac^ --> Ac^^,BLSTM
pirk,retired,retired,Ac^ --> Ac^^,BLSTM
pivot,graduated,graduated,Ac^ --> Ac^^,BLSTM
plc4x,graduated,graduated,Ac^ --> Ac^^,BLSTM
predictionio,graduated,graduated,Ac^ --> Ac^^,BLSTM
provisionr,retired,retired,Ac^ --> Ac^^,BLSTM
pubscribe,graduated,graduated,Ac^ --> Ac^^,BLSTM
pulsar,graduated,graduated,Ac^ --> Ac^^,BLSTM
qpid,graduated,graduated,Ac^ --> Ac^^,BLSTM
quickstep,retired,retired,Ac^ --> Ac^^,BLSTM
ranger,graduated,graduated,Ac^ --> Ac^^,BLSTM
ratis,graduated,graduated,Ac^ --> Ac^^,BLSTM
rave,graduated,graduated,Ac^ --> Ac^^,BLSTM
reef,graduated,graduated,Ac^ --> Ac^^,BLSTM
ripple,retired,retired,Ac^ --> Ac^^,BLSTM
river,graduated,graduated,Ac^ --> Ac^^,BLSTM
rocketmq,graduated,graduated,Ac^ --> Ac^^,BLSTM
roller,graduated,graduated,Ac^ --> Ac^^,BLSTM
rya,graduated,graduated,Ac^ --> Ac^^,BLSTM
s2graph,retired,retired,Ac^ --> Ac^^,BLSTM
s4,retired,retired,Ac^ --> Ac^^,BLSTM
samoa,retired,retired,Ac^ --> Ac^^,BLSTM
samza,graduated,graduated,Ac^ --> Ac^^,BLSTM
sanselan,retired,graduated,Ac^ --> Ac^^,BLSTM
sentry,graduated,graduated,Ac^ --> Ac^^,BLSTM
servicecomb,graduated,graduated,Ac^ --> Ac^^,BLSTM
servicemix,graduated,graduated,Ac^ --> Ac^^,BLSTM
shardingsphere,graduated,graduated,Ac^ --> Ac^^,BLSTM
shindig,graduated,graduated,Ac^ --> Ac^^,BLSTM
shiro,graduated,graduated,Ac^ --> Ac^^,BLSTM
singa,graduated,graduated,Ac^ --> Ac^^,BLSTM
sirona,retired,retired,Ac^ --> Ac^^,BLSTM
sis,graduated,graduated,Ac^ --> Ac^^,BLSTM
skywalking,graduated,graduated,Ac^ --> Ac^^,BLSTM
slider,retired,retired,Ac^ --> Ac^^,BLSTM
sling,graduated,graduated,Ac^ --> Ac^^,BLSTM
solr,graduated,graduated,Ac^ --> Ac^^,BLSTM
spark,graduated,graduated,Ac^ --> Ac^^,BLSTM
sqoop,graduated,graduated,Ac^ --> Ac^^,BLSTM
stanbol,graduated,graduated,Ac^ --> Ac^^,BLSTM
stdcxx,graduated,graduated,Ac^ --> Ac^^,BLSTM
stonehenge,retired,retired,Ac^ --> Ac^^,BLSTM
storm,graduated,graduated,Ac^ --> Ac^^,BLSTM
stratos,graduated,graduated,Ac^ --> Ac^^,BLSTM
streams,graduated,graduated,Ac^ --> Ac^^,BLSTM
struts,graduated,graduated,Ac^ --> Ac^^,BLSTM
subversion,graduated,graduated,Ac^ --> Ac^^,BLSTM
superset,graduated,graduated,Ac^ --> Ac^^,BLSTM
synapse,graduated,graduated,Ac^ --> Ac^^,BLSTM
syncope,graduated,graduated,Ac^ --> Ac^^,BLSTM
systemml,graduated,graduated,Ac^ --> Ac^^,BLSTM
tajo,graduated,graduated,Ac^ --> Ac^^,BLSTM
tamaya,retired,retired,Ac^ --> Ac^^,BLSTM
tashi,retired,retired,Ac^ --> Ac^^,BLSTM
taverna,retired,retired,Ac^ --> Ac^^,BLSTM
tephra,retired,graduated,Ac^ --> Ac^^,BLSTM
tez,graduated,graduated,Ac^ --> Ac^^,BLSTM
thrift,graduated,graduated,Ac^ --> Ac^^,BLSTM
tika,graduated,graduated,Ac^ --> Ac^^,BLSTM
tinkerpop,graduated,graduated,Ac^ --> Ac^^,BLSTM
trafficcontrol,graduated,graduated,Ac^ --> Ac^^,BLSTM
trafficserver,graduated,graduated,Ac^ --> Ac^^,BLSTM
trafodion,graduated,graduated,Ac^ --> Ac^^,BLSTM
triplesoup,retired,retired,Ac^ --> Ac^^,BLSTM
tuscany,graduated,graduated,Ac^ --> Ac^^,BLSTM
tvm,graduated,graduated,Ac^ --> Ac^^,BLSTM
twill,graduated,graduated,Ac^ --> Ac^^,BLSTM
uima,graduated,graduated,Ac^ --> Ac^^,BLSTM
unomi,graduated,graduated,Ac^ --> Ac^^,BLSTM
usergrid,graduated,graduated,Ac^ --> Ac^^,BLSTM
vcl,graduated,graduated,Ac^ --> Ac^^,BLSTM
vxquery,graduated,graduated,Ac^ --> Ac^^,BLSTM
wadi,retired,retired,Ac^ --> Ac^^,BLSTM
warble,retired,retired,Ac^ --> Ac^^,BLSTM
wave,retired,retired,Ac^ --> Ac^^,BLSTM
weex,retired,retired,Ac^ --> Ac^^,BLSTM
whirr,graduated,graduated,Ac^ --> Ac^^,BLSTM
wicket,graduated,graduated,Ac^ --> Ac^^,BLSTM
wink,graduated,graduated,Ac^ --> Ac^^,BLSTM
wookie,graduated,graduated,Ac^ --> Ac^^,BLSTM
xap,retired,retired,Ac^ --> Ac^^,BLSTM
yoko,retired,retired,Ac^ --> Ac^^,BLSTM
zeppelin,graduated,graduated,Ac^ --> Ac^^,BLSTM
zeta,retired,retired,Ac^ --> Ac^^,BLSTM
zipkin,graduated,retired,Ac^ --> Ac^^,BLSTM
