project,month,prediction,target,train_strategy,model_arch
deegree,1,0.7887898846996186,graduated,Oc^ --> Oc^^,DLSTM
deegree,2,0.8635955268997736,graduated,Oc^ --> Oc^^,DLSTM
deegree,3,0.8641364751611448,graduated,Oc^ --> Oc^^,DLSTM
deegree,4,0.8638708043041787,graduated,Oc^ --> Oc^^,DLSTM
deegree,5,0.8638285959567849,graduated,Oc^ --> Oc^^,DLSTM
deegree,6,0.8635694439747051,graduated,Oc^ --> Oc^^,DLSTM
deegree,7,0.8638393789570412,graduated,Oc^ --> Oc^^,DLSTM
deegree,8,0.8641237957362965,graduated,Oc^ --> Oc^^,DLSTM
deegree,9,0.8639901828417034,graduated,Oc^ --> Oc^^,DLSTM
deegree,10,0.8647307177989256,graduated,Oc^ --> Oc^^,DLSTM
deegree,11,0.8651529116974624,graduated,Oc^ --> Oc^^,DLSTM
deegree,12,0.8649484437874575,graduated,Oc^ --> Oc^^,DLSTM
deegree,13,0.8648777780881299,graduated,Oc^ --> Oc^^,DLSTM
deegree,14,0.8646788212826335,graduated,Oc^ --> Oc^^,DLSTM
deegree,15,0.8650871724099449,graduated,Oc^ --> Oc^^,DLSTM
deegree,16,0.8651630285794966,graduated,Oc^ --> Oc^^,DLSTM
deegree,17,0.8652121814127348,graduated,Oc^ --> Oc^^,DLSTM
deegree,18,0.8652455109575197,graduated,Oc^ --> Oc^^,DLSTM
deegree,19,0.8653283141777199,graduated,Oc^ --> Oc^^,DLSTM
deegree,20,0.7908276635095336,graduated,Oc^ --> Oc^^,DLSTM
gdal-ogr,1,0.7801989329384393,incubating,Oc^ --> Oc^^,DLSTM
gdal-ogr,2,0.8624659340009194,incubating,Oc^ --> Oc^^,DLSTM
gdal-ogr,3,0.8633817846221431,incubating,Oc^ --> Oc^^,DLSTM
gdal-ogr,4,0.8634951254919344,incubating,Oc^ --> Oc^^,DLSTM
gdal-ogr,5,0.8636627940307889,incubating,Oc^ --> Oc^^,DLSTM
gdal-ogr,6,0.863754061808099,incubating,Oc^ --> Oc^^,DLSTM
gdal-ogr,7,0.8637927110263006,incubating,Oc^ --> Oc^^,DLSTM
gdal-ogr,8,0.8637382604933805,incubating,Oc^ --> Oc^^,DLSTM
gdal-ogr,9,0.8641483292851073,incubating,Oc^ --> Oc^^,DLSTM
gdal-ogr,10,0.864384907531321,incubating,Oc^ --> Oc^^,DLSTM
gdal-ogr,11,0.8647297821191571,incubating,Oc^ --> Oc^^,DLSTM
gdal-ogr,12,0.8648697673375981,incubating,Oc^ --> Oc^^,DLSTM
gdal-ogr,13,0.8648537478960596,incubating,Oc^ --> Oc^^,DLSTM
gdal-ogr,14,0.8651538536480161,incubating,Oc^ --> Oc^^,DLSTM
gdal-ogr,15,0.86504646309257,incubating,Oc^ --> Oc^^,DLSTM
gdal-ogr,16,0.8650879770552505,incubating,Oc^ --> Oc^^,DLSTM
gdal-ogr,17,0.8652675436845642,incubating,Oc^ --> Oc^^,DLSTM
gdal-ogr,18,0.8655775880795108,incubating,Oc^ --> Oc^^,DLSTM
gdal-ogr,19,0.8657371394397202,incubating,Oc^ --> Oc^^,DLSTM
gdal-ogr,20,0.8656611250221,incubating,Oc^ --> Oc^^,DLSTM
gdal-ogr,21,0.8657277983446788,incubating,Oc^ --> Oc^^,DLSTM
gdal-ogr,22,0.8659715894608135,incubating,Oc^ --> Oc^^,DLSTM
gdal-ogr,23,0.8658153322673167,incubating,Oc^ --> Oc^^,DLSTM
gdal-ogr,24,0.8657770394592564,incubating,Oc^ --> Oc^^,DLSTM
gdal-ogr,25,0.7916180012255088,incubating,Oc^ --> Oc^^,DLSTM
geomajas,1,0.7903436741685906,retired,Oc^ --> Oc^^,DLSTM
geomajas,2,0.8650526465058206,retired,Oc^ --> Oc^^,DLSTM
geomajas,3,0.8655945943308254,retired,Oc^ --> Oc^^,DLSTM
geomajas,4,0.8657030448021741,retired,Oc^ --> Oc^^,DLSTM
geomajas,5,0.8658257287092401,retired,Oc^ --> Oc^^,DLSTM
geomajas,6,0.8660455647112115,retired,Oc^ --> Oc^^,DLSTM
geomajas,7,0.8657440313435073,retired,Oc^ --> Oc^^,DLSTM
geomajas,8,0.8652742675857128,retired,Oc^ --> Oc^^,DLSTM
geomajas,9,0.865892987523368,retired,Oc^ --> Oc^^,DLSTM
geomajas,10,0.8660706308382295,retired,Oc^ --> Oc^^,DLSTM
geomajas,11,0.8668853273588449,retired,Oc^ --> Oc^^,DLSTM
geomajas,12,0.8664682301031287,retired,Oc^ --> Oc^^,DLSTM
geomajas,13,0.866670852967884,retired,Oc^ --> Oc^^,DLSTM
geomajas,14,0.8667093343284036,retired,Oc^ --> Oc^^,DLSTM
geomajas,15,0.866555464645101,retired,Oc^ --> Oc^^,DLSTM
geomajas,16,0.8664831410257008,retired,Oc^ --> Oc^^,DLSTM
geomajas,17,0.8666106874903711,retired,Oc^ --> Oc^^,DLSTM
geomajas,18,0.866469993734477,retired,Oc^ --> Oc^^,DLSTM
geomajas,19,0.8669202826471196,retired,Oc^ --> Oc^^,DLSTM
geomajas,20,0.8669925988745003,retired,Oc^ --> Oc^^,DLSTM
geomajas,21,0.8668469187385264,retired,Oc^ --> Oc^^,DLSTM
geomajas,22,0.8669516637903055,retired,Oc^ --> Oc^^,DLSTM
geomajas,23,0.8668520955733758,retired,Oc^ --> Oc^^,DLSTM
geomajas,24,0.8667909229966079,retired,Oc^ --> Oc^^,DLSTM
geomajas,25,0.8668478106158003,retired,Oc^ --> Oc^^,DLSTM
geomajas,26,0.8668644132358411,retired,Oc^ --> Oc^^,DLSTM
geomajas,27,0.8674142834336533,retired,Oc^ --> Oc^^,DLSTM
geomajas,28,0.8673139473927984,retired,Oc^ --> Oc^^,DLSTM
geomajas,29,0.867563239183415,retired,Oc^ --> Oc^^,DLSTM
geomajas,30,0.8681704545504496,retired,Oc^ --> Oc^^,DLSTM
geomajas,31,0.8682689925322056,retired,Oc^ --> Oc^^,DLSTM
geomajas,32,0.8684599689314525,retired,Oc^ --> Oc^^,DLSTM
geomajas,33,0.8680175972554132,retired,Oc^ --> Oc^^,DLSTM
geomajas,34,0.868480842263288,retired,Oc^ --> Oc^^,DLSTM
geomajas,35,0.8687152505001525,retired,Oc^ --> Oc^^,DLSTM
geomajas,36,0.8684992676864339,retired,Oc^ --> Oc^^,DLSTM
geomajas,37,0.8680228443715083,retired,Oc^ --> Oc^^,DLSTM
geomajas,38,0.8685710234010122,retired,Oc^ --> Oc^^,DLSTM
geomajas,39,0.8686781432530642,retired,Oc^ --> Oc^^,DLSTM
geomajas,40,0.8683600988623403,retired,Oc^ --> Oc^^,DLSTM
geomajas,41,0.8683609268721775,retired,Oc^ --> Oc^^,DLSTM
geomajas,42,0.8686246740639824,retired,Oc^ --> Oc^^,DLSTM
geomajas,43,0.868583277948928,retired,Oc^ --> Oc^^,DLSTM
geomajas,44,0.8687747696072051,retired,Oc^ --> Oc^^,DLSTM
geomajas,45,0.8685771147810595,retired,Oc^ --> Oc^^,DLSTM
geomajas,46,0.8697223000018744,retired,Oc^ --> Oc^^,DLSTM
geomajas,47,0.8691218896820087,retired,Oc^ --> Oc^^,DLSTM
geomajas,48,0.8692462498821912,retired,Oc^ --> Oc^^,DLSTM
geomajas,49,0.8689216756551289,retired,Oc^ --> Oc^^,DLSTM
geomajas,50,0.8687412037209962,retired,Oc^ --> Oc^^,DLSTM
geomajas,51,0.8686560797231228,retired,Oc^ --> Oc^^,DLSTM
geomajas,52,0.8687177974292536,retired,Oc^ --> Oc^^,DLSTM
geomajas,53,0.8684812731770957,retired,Oc^ --> Oc^^,DLSTM
geomajas,54,0.8687605959488491,retired,Oc^ --> Oc^^,DLSTM
geomajas,55,0.8682576693363508,retired,Oc^ --> Oc^^,DLSTM
geomajas,56,0.8681902516811406,retired,Oc^ --> Oc^^,DLSTM
geomajas,57,0.867638084657588,retired,Oc^ --> Oc^^,DLSTM
geomajas,58,0.8673555340969669,retired,Oc^ --> Oc^^,DLSTM
geomajas,59,0.8671859665057993,retired,Oc^ --> Oc^^,DLSTM
geomajas,60,0.8670567652944283,retired,Oc^ --> Oc^^,DLSTM
geomajas,61,0.8666085540487317,retired,Oc^ --> Oc^^,DLSTM
geomajas,62,0.866395984718054,retired,Oc^ --> Oc^^,DLSTM
geomajas,63,0.8657594486800563,retired,Oc^ --> Oc^^,DLSTM
geomajas,64,0.8652051314582877,retired,Oc^ --> Oc^^,DLSTM
geomajas,65,0.859528834762247,retired,Oc^ --> Oc^^,DLSTM
geomajas,66,0.8552192451597666,retired,Oc^ --> Oc^^,DLSTM
geomajas,67,0.8562771985596068,retired,Oc^ --> Oc^^,DLSTM
geomajas,68,0.8358999488658096,retired,Oc^ --> Oc^^,DLSTM
geomajas,69,0.7330213192207083,retired,Oc^ --> Oc^^,DLSTM
geomajas,70,0.7583211622017288,retired,Oc^ --> Oc^^,DLSTM
geomajas,71,0.6792968396994792,retired,Oc^ --> Oc^^,DLSTM
geomajas,72,0.5198565347723958,retired,Oc^ --> Oc^^,DLSTM
geomajas,73,0.10739394057774808,retired,Oc^ --> Oc^^,DLSTM
geomajas,74,0.06619531447335371,retired,Oc^ --> Oc^^,DLSTM
geomajas,75,0.03623971963809666,retired,Oc^ --> Oc^^,DLSTM
geomajas,76,0.03765291668746128,retired,Oc^ --> Oc^^,DLSTM
geomajas,77,0.026258193656995596,retired,Oc^ --> Oc^^,DLSTM
geomajas,78,0.02466079826303011,retired,Oc^ --> Oc^^,DLSTM
geomajas,79,0.023244007568185225,retired,Oc^ --> Oc^^,DLSTM
geomajas,80,0.022839004806351985,retired,Oc^ --> Oc^^,DLSTM
geomajas,81,0.021760258089536647,retired,Oc^ --> Oc^^,DLSTM
geomajas,82,0.021626020102509292,retired,Oc^ --> Oc^^,DLSTM
geomajas,83,0.02141916536632745,retired,Oc^ --> Oc^^,DLSTM
geomajas,84,0.021380264377746594,retired,Oc^ --> Oc^^,DLSTM
geomajas,85,0.021043171523583558,retired,Oc^ --> Oc^^,DLSTM
geomajas,86,0.021039357900530516,retired,Oc^ --> Oc^^,DLSTM
geomajas,87,0.021000241830815006,retired,Oc^ --> Oc^^,DLSTM
geomajas,88,0.021006347027862853,retired,Oc^ --> Oc^^,DLSTM
geomajas,89,0.021032637552115527,retired,Oc^ --> Oc^^,DLSTM
geomajas,90,0.021088015833188395,retired,Oc^ --> Oc^^,DLSTM
geomajas,91,0.021067565809686033,retired,Oc^ --> Oc^^,DLSTM
geomajas,92,0.021091560250748098,retired,Oc^ --> Oc^^,DLSTM
geomajas,93,0.02103629406079269,retired,Oc^ --> Oc^^,DLSTM
geomajas,94,0.021051052172797506,retired,Oc^ --> Oc^^,DLSTM
geomajas,95,0.021042732695322256,retired,Oc^ --> Oc^^,DLSTM
geomajas,96,0.021052033410616535,retired,Oc^ --> Oc^^,DLSTM
geomajas,97,0.02108533650595911,retired,Oc^ --> Oc^^,DLSTM
geomajas,98,0.02111280216791754,retired,Oc^ --> Oc^^,DLSTM
geomajas,99,0.021129458175244704,retired,Oc^ --> Oc^^,DLSTM
geomajas,100,0.021148743428475805,retired,Oc^ --> Oc^^,DLSTM
geomajas,101,0.021158615759560684,retired,Oc^ --> Oc^^,DLSTM
geomajas,102,0.021168481517415596,retired,Oc^ --> Oc^^,DLSTM
geomajas,103,0.021154316655239227,retired,Oc^ --> Oc^^,DLSTM
geomajas,104,0.02118522294671369,retired,Oc^ --> Oc^^,DLSTM
geomajas,105,0.021219664341375146,retired,Oc^ --> Oc^^,DLSTM
geomajas,106,0.021235508371600355,retired,Oc^ --> Oc^^,DLSTM
geomajas,107,0.02125705907577825,retired,Oc^ --> Oc^^,DLSTM
geomajas,108,0.02126911727301351,retired,Oc^ --> Oc^^,DLSTM
geomajas,109,0.021286859844053756,retired,Oc^ --> Oc^^,DLSTM
geomajas,110,0.021293437606242173,retired,Oc^ --> Oc^^,DLSTM
geomajas,111,0.021292384955925066,retired,Oc^ --> Oc^^,DLSTM
geomajas,112,0.021316430902106182,retired,Oc^ --> Oc^^,DLSTM
geomajas,113,0.02134402121636437,retired,Oc^ --> Oc^^,DLSTM
geomajas,114,0.021354443515433263,retired,Oc^ --> Oc^^,DLSTM
geomajas,115,0.021373618768498352,retired,Oc^ --> Oc^^,DLSTM
geomajas,116,0.02138282975995797,retired,Oc^ --> Oc^^,DLSTM
geomajas,117,0.021400671328331608,retired,Oc^ --> Oc^^,DLSTM
geomajas,118,0.02140659485802458,retired,Oc^ --> Oc^^,DLSTM
geomajas,119,0.02140638081057442,retired,Oc^ --> Oc^^,DLSTM
geomajas,120,0.021424812087432955,retired,Oc^ --> Oc^^,DLSTM
geomajas,121,0.021444514629186492,retired,Oc^ --> Oc^^,DLSTM
geomajas,122,0.019603609190721107,retired,Oc^ --> Oc^^,DLSTM
geonetwork,1,0.7902875155672936,graduated,Oc^ --> Oc^^,DLSTM
geonetwork,2,0.8647563250933609,graduated,Oc^ --> Oc^^,DLSTM
geonetwork,3,0.8643478106100796,graduated,Oc^ --> Oc^^,DLSTM
geonetwork,4,0.8601705967497347,graduated,Oc^ --> Oc^^,DLSTM
geonetwork,5,0.8649050266288056,graduated,Oc^ --> Oc^^,DLSTM
geonetwork,6,0.865072930824845,graduated,Oc^ --> Oc^^,DLSTM
geonetwork,7,0.8641057470108499,graduated,Oc^ --> Oc^^,DLSTM
geonetwork,8,0.86500040594084,graduated,Oc^ --> Oc^^,DLSTM
geonetwork,9,0.8656129878749635,graduated,Oc^ --> Oc^^,DLSTM
geonetwork,10,0.8660597222496372,graduated,Oc^ --> Oc^^,DLSTM
geonetwork,11,0.8661122672416006,graduated,Oc^ --> Oc^^,DLSTM
geonetwork,12,0.866821588200843,graduated,Oc^ --> Oc^^,DLSTM
geonetwork,13,0.8666743021958897,graduated,Oc^ --> Oc^^,DLSTM
geonetwork,14,0.8675447480483178,graduated,Oc^ --> Oc^^,DLSTM
geonetwork,15,0.8670279279595023,graduated,Oc^ --> Oc^^,DLSTM
geonetwork,16,0.8668302262208741,graduated,Oc^ --> Oc^^,DLSTM
geonetwork,17,0.8669617601174788,graduated,Oc^ --> Oc^^,DLSTM
geonetwork,18,0.8670427215055939,graduated,Oc^ --> Oc^^,DLSTM
geonetwork,19,0.8669457055239149,graduated,Oc^ --> Oc^^,DLSTM
geonetwork,20,0.7925949272697308,graduated,Oc^ --> Oc^^,DLSTM
geonode,1,0.7881516549601273,graduated,Oc^ --> Oc^^,DLSTM
geonode,2,0.862876628804791,graduated,Oc^ --> Oc^^,DLSTM
geonode,3,0.863132966990633,graduated,Oc^ --> Oc^^,DLSTM
geonode,4,0.8624256899498614,graduated,Oc^ --> Oc^^,DLSTM
geonode,5,0.8618032142056554,graduated,Oc^ --> Oc^^,DLSTM
geonode,6,0.8618168200959956,graduated,Oc^ --> Oc^^,DLSTM
geonode,7,0.8619653714987128,graduated,Oc^ --> Oc^^,DLSTM
geonode,8,0.8617982455966897,graduated,Oc^ --> Oc^^,DLSTM
geonode,9,0.862103011437607,graduated,Oc^ --> Oc^^,DLSTM
geonode,10,0.862529450738572,graduated,Oc^ --> Oc^^,DLSTM
geonode,11,0.8633872579373925,graduated,Oc^ --> Oc^^,DLSTM
geonode,12,0.863141007424272,graduated,Oc^ --> Oc^^,DLSTM
geonode,13,0.8627115558122852,graduated,Oc^ --> Oc^^,DLSTM
geonode,14,0.8627200568178326,graduated,Oc^ --> Oc^^,DLSTM
geonode,15,0.8627121325707027,graduated,Oc^ --> Oc^^,DLSTM
geonode,16,0.8627934159794259,graduated,Oc^ --> Oc^^,DLSTM
geonode,17,0.8628943837559166,graduated,Oc^ --> Oc^^,DLSTM
geonode,18,0.7886388592459137,graduated,Oc^ --> Oc^^,DLSTM
geopaparazzi,1,0.7890092970413397,retired,Oc^ --> Oc^^,DLSTM
geopaparazzi,2,0.8641153951743276,retired,Oc^ --> Oc^^,DLSTM
geopaparazzi,3,0.8641764169270698,retired,Oc^ --> Oc^^,DLSTM
geopaparazzi,4,0.864793832550789,retired,Oc^ --> Oc^^,DLSTM
geopaparazzi,5,0.8642513924549446,retired,Oc^ --> Oc^^,DLSTM
geopaparazzi,6,0.8642408439797691,retired,Oc^ --> Oc^^,DLSTM
geopaparazzi,7,0.8647260176364118,retired,Oc^ --> Oc^^,DLSTM
geopaparazzi,8,0.8644731653943687,retired,Oc^ --> Oc^^,DLSTM
geopaparazzi,9,0.8641539343290884,retired,Oc^ --> Oc^^,DLSTM
geopaparazzi,10,0.8647094777926033,retired,Oc^ --> Oc^^,DLSTM
geopaparazzi,11,0.86510422249959,retired,Oc^ --> Oc^^,DLSTM
geopaparazzi,12,0.8654982736431137,retired,Oc^ --> Oc^^,DLSTM
geopaparazzi,13,0.8655640639699971,retired,Oc^ --> Oc^^,DLSTM
geopaparazzi,14,0.8658361815606536,retired,Oc^ --> Oc^^,DLSTM
geopaparazzi,15,0.8661435880615472,retired,Oc^ --> Oc^^,DLSTM
geopaparazzi,16,0.8661555155628522,retired,Oc^ --> Oc^^,DLSTM
geopaparazzi,17,0.8660693357769935,retired,Oc^ --> Oc^^,DLSTM
geopaparazzi,18,0.866340562993208,retired,Oc^ --> Oc^^,DLSTM
geopaparazzi,19,0.8666324501733015,retired,Oc^ --> Oc^^,DLSTM
geopaparazzi,20,0.8665976089579368,retired,Oc^ --> Oc^^,DLSTM
geopaparazzi,21,0.8656591248459917,retired,Oc^ --> Oc^^,DLSTM
geopaparazzi,22,0.8664875453074712,retired,Oc^ --> Oc^^,DLSTM
geopaparazzi,23,0.8665740964503081,retired,Oc^ --> Oc^^,DLSTM
geopaparazzi,24,0.8663354837751497,retired,Oc^ --> Oc^^,DLSTM
geopaparazzi,25,0.865934049115231,retired,Oc^ --> Oc^^,DLSTM
geopaparazzi,26,0.8633448973394011,retired,Oc^ --> Oc^^,DLSTM
geopaparazzi,27,0.8563955601971054,retired,Oc^ --> Oc^^,DLSTM
geopaparazzi,28,0.848931378758659,retired,Oc^ --> Oc^^,DLSTM
geopaparazzi,29,0.8600597854704024,retired,Oc^ --> Oc^^,DLSTM
geopaparazzi,30,0.8358355247705388,retired,Oc^ --> Oc^^,DLSTM
geopaparazzi,31,0.8540106144421014,retired,Oc^ --> Oc^^,DLSTM
geopaparazzi,32,0.7940005009266492,retired,Oc^ --> Oc^^,DLSTM
geopaparazzi,33,0.6494030751919143,retired,Oc^ --> Oc^^,DLSTM
geopaparazzi,34,0.5088124997350955,retired,Oc^ --> Oc^^,DLSTM
geopaparazzi,35,0.3091846836305714,retired,Oc^ --> Oc^^,DLSTM
geopaparazzi,36,0.11139452573619435,retired,Oc^ --> Oc^^,DLSTM
geopaparazzi,37,0.11022253199219988,retired,Oc^ --> Oc^^,DLSTM
geopaparazzi,38,0.12297405216079467,retired,Oc^ --> Oc^^,DLSTM
geopaparazzi,39,0.17201357638061235,retired,Oc^ --> Oc^^,DLSTM
geopaparazzi,40,0.05953924849561367,retired,Oc^ --> Oc^^,DLSTM
geopaparazzi,41,0.031697918676486844,retired,Oc^ --> Oc^^,DLSTM
geopaparazzi,42,0.029358301057412356,retired,Oc^ --> Oc^^,DLSTM
geopaparazzi,43,0.0276249953420593,retired,Oc^ --> Oc^^,DLSTM
geopaparazzi,44,0.025637249889109988,retired,Oc^ --> Oc^^,DLSTM
geopaparazzi,45,0.026726127377202178,retired,Oc^ --> Oc^^,DLSTM
geopaparazzi,46,0.026644188558206678,retired,Oc^ --> Oc^^,DLSTM
geopaparazzi,47,0.02626116245906821,retired,Oc^ --> Oc^^,DLSTM
geopaparazzi,48,0.023644296024519316,retired,Oc^ --> Oc^^,DLSTM
geopaparazzi,49,0.022010433155301587,retired,Oc^ --> Oc^^,DLSTM
geopaparazzi,50,0.021574740268192318,retired,Oc^ --> Oc^^,DLSTM
geopaparazzi,51,0.021590984424799054,retired,Oc^ --> Oc^^,DLSTM
geopaparazzi,52,0.021543475247451187,retired,Oc^ --> Oc^^,DLSTM
geopaparazzi,53,0.02135154398794779,retired,Oc^ --> Oc^^,DLSTM
geopaparazzi,54,0.021443025616577335,retired,Oc^ --> Oc^^,DLSTM
geopaparazzi,55,0.021248870016673933,retired,Oc^ --> Oc^^,DLSTM
geopaparazzi,56,0.02108564267169239,retired,Oc^ --> Oc^^,DLSTM
geopaparazzi,57,0.021149095903152865,retired,Oc^ --> Oc^^,DLSTM
geopaparazzi,58,0.021200252303041015,retired,Oc^ --> Oc^^,DLSTM
geopaparazzi,59,0.02130563582624883,retired,Oc^ --> Oc^^,DLSTM
geopaparazzi,60,0.02137494530472177,retired,Oc^ --> Oc^^,DLSTM
geopaparazzi,61,0.021286423421663318,retired,Oc^ --> Oc^^,DLSTM
geopaparazzi,62,0.02136627023435737,retired,Oc^ --> Oc^^,DLSTM
geopaparazzi,63,0.021311949606901085,retired,Oc^ --> Oc^^,DLSTM
geopaparazzi,64,0.02126612203214799,retired,Oc^ --> Oc^^,DLSTM
geopaparazzi,65,0.02130013056634967,retired,Oc^ --> Oc^^,DLSTM
geopaparazzi,66,0.021252416401891572,retired,Oc^ --> Oc^^,DLSTM
geopaparazzi,67,0.02127362687158564,retired,Oc^ --> Oc^^,DLSTM
geopaparazzi,68,0.021275193793375086,retired,Oc^ --> Oc^^,DLSTM
geopaparazzi,69,0.02125224567589623,retired,Oc^ --> Oc^^,DLSTM
geopaparazzi,70,0.021318365628185013,retired,Oc^ --> Oc^^,DLSTM
geopaparazzi,71,0.021294901770518772,retired,Oc^ --> Oc^^,DLSTM
geopaparazzi,72,0.021240649687030856,retired,Oc^ --> Oc^^,DLSTM
geopaparazzi,73,0.02128880812046778,retired,Oc^ --> Oc^^,DLSTM
geopaparazzi,74,0.021301078792574105,retired,Oc^ --> Oc^^,DLSTM
geopaparazzi,75,0.02133329831758472,retired,Oc^ --> Oc^^,DLSTM
geopaparazzi,76,0.021286253787449912,retired,Oc^ --> Oc^^,DLSTM
geopaparazzi,77,0.021278196932530934,retired,Oc^ --> Oc^^,DLSTM
geopaparazzi,78,0.021310447489227377,retired,Oc^ --> Oc^^,DLSTM
geopaparazzi,79,0.021280762009421257,retired,Oc^ --> Oc^^,DLSTM
geopaparazzi,80,0.021270848053179216,retired,Oc^ --> Oc^^,DLSTM
geopaparazzi,81,0.021299004748544993,retired,Oc^ --> Oc^^,DLSTM
geopaparazzi,82,0.021336069642631683,retired,Oc^ --> Oc^^,DLSTM
geopaparazzi,83,0.021317467856579626,retired,Oc^ --> Oc^^,DLSTM
geopaparazzi,84,0.021358535380996246,retired,Oc^ --> Oc^^,DLSTM
geopaparazzi,85,0.021357250248317538,retired,Oc^ --> Oc^^,DLSTM
geopaparazzi,86,0.021339399154899543,retired,Oc^ --> Oc^^,DLSTM
geopaparazzi,87,0.02132398518995299,retired,Oc^ --> Oc^^,DLSTM
geopaparazzi,88,0.02130929689273604,retired,Oc^ --> Oc^^,DLSTM
geopaparazzi,89,0.021339131168068185,retired,Oc^ --> Oc^^,DLSTM
geopaparazzi,90,0.021407451658590954,retired,Oc^ --> Oc^^,DLSTM
geopaparazzi,91,0.021388825768608434,retired,Oc^ --> Oc^^,DLSTM
geopaparazzi,92,0.02135448485857773,retired,Oc^ --> Oc^^,DLSTM
geopaparazzi,93,0.02134036227445276,retired,Oc^ --> Oc^^,DLSTM
geopaparazzi,94,0.021353413629449137,retired,Oc^ --> Oc^^,DLSTM
geopaparazzi,95,0.021343799719122387,retired,Oc^ --> Oc^^,DLSTM
geopaparazzi,96,0.021341647058075806,retired,Oc^ --> Oc^^,DLSTM
geopaparazzi,97,0.02135163947750249,retired,Oc^ --> Oc^^,DLSTM
geopaparazzi,98,0.021379686671027305,retired,Oc^ --> Oc^^,DLSTM
geopaparazzi,99,0.021358653248525337,retired,Oc^ --> Oc^^,DLSTM
geopaparazzi,100,0.021355757352018622,retired,Oc^ --> Oc^^,DLSTM
geopaparazzi,101,0.021337695864220088,retired,Oc^ --> Oc^^,DLSTM
geopaparazzi,102,0.021383226487806994,retired,Oc^ --> Oc^^,DLSTM
geopaparazzi,103,0.021389957944836092,retired,Oc^ --> Oc^^,DLSTM
geopaparazzi,104,0.021382487771222678,retired,Oc^ --> Oc^^,DLSTM
geopaparazzi,105,0.021371463953933748,retired,Oc^ --> Oc^^,DLSTM
geopaparazzi,106,0.021413880369454814,retired,Oc^ --> Oc^^,DLSTM
geopaparazzi,107,0.0213934786373738,retired,Oc^ --> Oc^^,DLSTM
geopaparazzi,108,0.02136883272103934,retired,Oc^ --> Oc^^,DLSTM
geopaparazzi,109,0.02136841419859225,retired,Oc^ --> Oc^^,DLSTM
geopaparazzi,110,0.02140664409935115,retired,Oc^ --> Oc^^,DLSTM
geopaparazzi,111,0.021420276454667507,retired,Oc^ --> Oc^^,DLSTM
geopaparazzi,112,0.02141296426499617,retired,Oc^ --> Oc^^,DLSTM
geopaparazzi,113,0.021401203476485484,retired,Oc^ --> Oc^^,DLSTM
geopaparazzi,114,0.021436244749077626,retired,Oc^ --> Oc^^,DLSTM
geopaparazzi,115,0.02140871369716992,retired,Oc^ --> Oc^^,DLSTM
geopaparazzi,116,0.021396416693542395,retired,Oc^ --> Oc^^,DLSTM
geopaparazzi,117,0.021401284616138817,retired,Oc^ --> Oc^^,DLSTM
geopaparazzi,118,0.021425287146150187,retired,Oc^ --> Oc^^,DLSTM
geopaparazzi,119,0.021454974951536285,retired,Oc^ --> Oc^^,DLSTM
geopaparazzi,120,0.02144344723949684,retired,Oc^ --> Oc^^,DLSTM
geopaparazzi,121,0.02144396505451978,retired,Oc^ --> Oc^^,DLSTM
geopaparazzi,122,0.021478675038766156,retired,Oc^ --> Oc^^,DLSTM
geopaparazzi,123,0.021444750284761577,retired,Oc^ --> Oc^^,DLSTM
geopaparazzi,124,0.021435683202649672,retired,Oc^ --> Oc^^,DLSTM
geopaparazzi,125,0.021438554030319475,retired,Oc^ --> Oc^^,DLSTM
geopaparazzi,126,0.021460066617422908,retired,Oc^ --> Oc^^,DLSTM
geopaparazzi,127,0.021491007771828732,retired,Oc^ --> Oc^^,DLSTM
geopaparazzi,128,0.021482775622760332,retired,Oc^ --> Oc^^,DLSTM
geopaparazzi,129,0.021476016055898325,retired,Oc^ --> Oc^^,DLSTM
geopaparazzi,130,0.021508864719136937,retired,Oc^ --> Oc^^,DLSTM
geopaparazzi,131,0.02147227823634573,retired,Oc^ --> Oc^^,DLSTM
geopaparazzi,132,0.021467142381354037,retired,Oc^ --> Oc^^,DLSTM
geopaparazzi,133,0.021460861823514126,retired,Oc^ --> Oc^^,DLSTM
geopaparazzi,134,0.019629264387683643,retired,Oc^ --> Oc^^,DLSTM
geos,1,0.7828254202232919,graduated,Oc^ --> Oc^^,DLSTM
geos,2,0.8571630570984521,graduated,Oc^ --> Oc^^,DLSTM
geos,3,0.862735583553823,graduated,Oc^ --> Oc^^,DLSTM
geos,4,0.8585001160804901,graduated,Oc^ --> Oc^^,DLSTM
geos,5,0.8447893858967274,graduated,Oc^ --> Oc^^,DLSTM
geos,6,0.8442787334484384,graduated,Oc^ --> Oc^^,DLSTM
geos,7,0.8534930822899245,graduated,Oc^ --> Oc^^,DLSTM
geos,8,0.8592217853463288,graduated,Oc^ --> Oc^^,DLSTM
geos,9,0.8362391082935343,graduated,Oc^ --> Oc^^,DLSTM
geos,10,0.8520377285002371,graduated,Oc^ --> Oc^^,DLSTM
geos,11,0.8623439700659439,graduated,Oc^ --> Oc^^,DLSTM
geos,12,0.8595168584712076,graduated,Oc^ --> Oc^^,DLSTM
geos,13,0.8429643258597512,graduated,Oc^ --> Oc^^,DLSTM
geos,14,0.8208301381775,graduated,Oc^ --> Oc^^,DLSTM
geos,15,0.7379003773435766,graduated,Oc^ --> Oc^^,DLSTM
geos,16,0.8239396403425701,graduated,Oc^ --> Oc^^,DLSTM
geos,17,0.6252722651696493,graduated,Oc^ --> Oc^^,DLSTM
geos,18,0.8220574130917867,graduated,Oc^ --> Oc^^,DLSTM
geos,19,0.8546187183755461,graduated,Oc^ --> Oc^^,DLSTM
geos,20,0.8524553191228293,graduated,Oc^ --> Oc^^,DLSTM
geos,21,0.8277616287949654,graduated,Oc^ --> Oc^^,DLSTM
geos,22,0.7723935542992574,graduated,Oc^ --> Oc^^,DLSTM
geos,23,0.7993445332258646,graduated,Oc^ --> Oc^^,DLSTM
geos,24,0.8224188902607351,graduated,Oc^ --> Oc^^,DLSTM
geos,25,0.8203996853999154,graduated,Oc^ --> Oc^^,DLSTM
geos,26,0.8430586745519113,graduated,Oc^ --> Oc^^,DLSTM
geos,27,0.7824053223298602,graduated,Oc^ --> Oc^^,DLSTM
geos,28,0.5887455203318825,graduated,Oc^ --> Oc^^,DLSTM
geos,29,0.7124820884422979,graduated,Oc^ --> Oc^^,DLSTM
geos,30,0.7749533339164094,graduated,Oc^ --> Oc^^,DLSTM
geos,31,0.7593152387596885,graduated,Oc^ --> Oc^^,DLSTM
geos,32,0.8027592393486286,graduated,Oc^ --> Oc^^,DLSTM
geos,33,0.6528171949650827,graduated,Oc^ --> Oc^^,DLSTM
geos,34,0.5299981315524571,graduated,Oc^ --> Oc^^,DLSTM
geos,35,0.20745484378472928,graduated,Oc^ --> Oc^^,DLSTM
geos,36,0.10548584895487444,graduated,Oc^ --> Oc^^,DLSTM
geos,37,0.22414472402724803,graduated,Oc^ --> Oc^^,DLSTM
geos,38,0.11108196835972735,graduated,Oc^ --> Oc^^,DLSTM
geos,39,0.12200435306188788,graduated,Oc^ --> Oc^^,DLSTM
geos,40,0.22725432420910638,graduated,Oc^ --> Oc^^,DLSTM
geos,41,0.07564937825925659,graduated,Oc^ --> Oc^^,DLSTM
geos,42,0.04743988941632556,graduated,Oc^ --> Oc^^,DLSTM
geos,43,0.03342916646771369,graduated,Oc^ --> Oc^^,DLSTM
geos,44,0.035687619569630236,graduated,Oc^ --> Oc^^,DLSTM
geos,45,0.028648463483224706,graduated,Oc^ --> Oc^^,DLSTM
geos,46,0.027599694344436144,graduated,Oc^ --> Oc^^,DLSTM
geos,47,0.025255638265945107,graduated,Oc^ --> Oc^^,DLSTM
geos,48,0.02876344590365112,graduated,Oc^ --> Oc^^,DLSTM
geos,49,0.026834130992174948,graduated,Oc^ --> Oc^^,DLSTM
geos,50,0.02375330605411112,graduated,Oc^ --> Oc^^,DLSTM
geos,51,0.02386536247087665,graduated,Oc^ --> Oc^^,DLSTM
geos,52,0.02202407685588606,graduated,Oc^ --> Oc^^,DLSTM
geos,53,0.021506311253027096,graduated,Oc^ --> Oc^^,DLSTM
geos,54,0.021659122274130672,graduated,Oc^ --> Oc^^,DLSTM
geos,55,0.020012313391602136,graduated,Oc^ --> Oc^^,DLSTM
geoserver,1,0.7906392058171361,graduated,Oc^ --> Oc^^,DLSTM
geoserver,2,0.8655084078879609,graduated,Oc^ --> Oc^^,DLSTM
geoserver,3,0.8659639150726081,graduated,Oc^ --> Oc^^,DLSTM
geoserver,4,0.8666011258392938,graduated,Oc^ --> Oc^^,DLSTM
geoserver,5,0.8664228972332586,graduated,Oc^ --> Oc^^,DLSTM
geoserver,6,0.866433680620883,graduated,Oc^ --> Oc^^,DLSTM
geoserver,7,0.8658260338665665,graduated,Oc^ --> Oc^^,DLSTM
geoserver,8,0.8659808512518381,graduated,Oc^ --> Oc^^,DLSTM
geoserver,9,0.8662489096034509,graduated,Oc^ --> Oc^^,DLSTM
geoserver,10,0.866348768749852,graduated,Oc^ --> Oc^^,DLSTM
geoserver,11,0.8661511718126125,graduated,Oc^ --> Oc^^,DLSTM
geoserver,12,0.8663689181468648,graduated,Oc^ --> Oc^^,DLSTM
geoserver,13,0.8664408664743529,graduated,Oc^ --> Oc^^,DLSTM
geoserver,14,0.866836436610736,graduated,Oc^ --> Oc^^,DLSTM
geoserver,15,0.866894072333486,graduated,Oc^ --> Oc^^,DLSTM
geoserver,16,0.8668027561735449,graduated,Oc^ --> Oc^^,DLSTM
geoserver,17,0.8669326108007982,graduated,Oc^ --> Oc^^,DLSTM
geoserver,18,0.8670174735919004,graduated,Oc^ --> Oc^^,DLSTM
geoserver,19,0.866724513313915,graduated,Oc^ --> Oc^^,DLSTM
geoserver,20,0.8668201446397399,graduated,Oc^ --> Oc^^,DLSTM
geoserver,21,0.8671214049756591,graduated,Oc^ --> Oc^^,DLSTM
geoserver,22,0.8673707241249028,graduated,Oc^ --> Oc^^,DLSTM
geoserver,23,0.8675086864747822,graduated,Oc^ --> Oc^^,DLSTM
geoserver,24,0.8675314154095438,graduated,Oc^ --> Oc^^,DLSTM
geoserver,25,0.8673797687131869,graduated,Oc^ --> Oc^^,DLSTM
geoserver,26,0.8675860207461947,graduated,Oc^ --> Oc^^,DLSTM
geoserver,27,0.8673749165348513,graduated,Oc^ --> Oc^^,DLSTM
geoserver,28,0.8673047588294598,graduated,Oc^ --> Oc^^,DLSTM
geoserver,29,0.8675094441096763,graduated,Oc^ --> Oc^^,DLSTM
geoserver,30,0.8674530749726955,graduated,Oc^ --> Oc^^,DLSTM
geoserver,31,0.867526290036882,graduated,Oc^ --> Oc^^,DLSTM
geoserver,32,0.8675713372034303,graduated,Oc^ --> Oc^^,DLSTM
geoserver,33,0.8676346344204947,graduated,Oc^ --> Oc^^,DLSTM
geoserver,34,0.8676913979988828,graduated,Oc^ --> Oc^^,DLSTM
geoserver,35,0.8675252932106178,graduated,Oc^ --> Oc^^,DLSTM
geoserver,36,0.8674611132728491,graduated,Oc^ --> Oc^^,DLSTM
geoserver,37,0.8677696607299544,graduated,Oc^ --> Oc^^,DLSTM
geoserver,38,0.8678732956805826,graduated,Oc^ --> Oc^^,DLSTM
geoserver,39,0.8679412772948383,graduated,Oc^ --> Oc^^,DLSTM
geoserver,40,0.8678611139994524,graduated,Oc^ --> Oc^^,DLSTM
geoserver,41,0.793268620792991,graduated,Oc^ --> Oc^^,DLSTM
geowave,1,0.6060369840696382,retired,Oc^ --> Oc^^,DLSTM
geowave,2,0.686891886683243,retired,Oc^ --> Oc^^,DLSTM
geowave,3,0.7482782578382756,retired,Oc^ --> Oc^^,DLSTM
geowave,4,0.822301643922674,retired,Oc^ --> Oc^^,DLSTM
geowave,5,0.8192375070058034,retired,Oc^ --> Oc^^,DLSTM
geowave,6,0.5740157103838452,retired,Oc^ --> Oc^^,DLSTM
geowave,7,0.5681247830773066,retired,Oc^ --> Oc^^,DLSTM
geowave,8,0.7193697404589039,retired,Oc^ --> Oc^^,DLSTM
geowave,9,0.36969354959760353,retired,Oc^ --> Oc^^,DLSTM
geowave,10,0.40910264432392746,retired,Oc^ --> Oc^^,DLSTM
geowave,11,0.31474294117908086,retired,Oc^ --> Oc^^,DLSTM
geowave,12,0.17695960994263737,retired,Oc^ --> Oc^^,DLSTM
geowave,13,0.3328581548524988,retired,Oc^ --> Oc^^,DLSTM
geowave,14,0.11900373646043433,retired,Oc^ --> Oc^^,DLSTM
geowave,15,0.04859017550409215,retired,Oc^ --> Oc^^,DLSTM
geowave,16,0.03342493156089289,retired,Oc^ --> Oc^^,DLSTM
geowave,17,0.02840637380012585,retired,Oc^ --> Oc^^,DLSTM
geowave,18,0.03039603787375621,retired,Oc^ --> Oc^^,DLSTM
geowave,19,0.03410006802029424,retired,Oc^ --> Oc^^,DLSTM
geowave,20,0.03003875450844724,retired,Oc^ --> Oc^^,DLSTM
geowave,21,0.026493833003811338,retired,Oc^ --> Oc^^,DLSTM
geowave,22,0.022444966482869526,retired,Oc^ --> Oc^^,DLSTM
geowave,23,0.022270690260423692,retired,Oc^ --> Oc^^,DLSTM
geowave,24,0.02319522300878468,retired,Oc^ --> Oc^^,DLSTM
geowave,25,0.021267242037231907,retired,Oc^ --> Oc^^,DLSTM
geowave,26,0.02160699179627066,retired,Oc^ --> Oc^^,DLSTM
geowave,27,0.02136297030748161,retired,Oc^ --> Oc^^,DLSTM
geowave,28,0.02077525157291011,retired,Oc^ --> Oc^^,DLSTM
geowave,29,0.02079100900539035,retired,Oc^ --> Oc^^,DLSTM
geowave,30,0.020659417613065587,retired,Oc^ --> Oc^^,DLSTM
geowave,31,0.020612608194512612,retired,Oc^ --> Oc^^,DLSTM
geowave,32,0.020808089285854755,retired,Oc^ --> Oc^^,DLSTM
geowave,33,0.020658076933375055,retired,Oc^ --> Oc^^,DLSTM
geowave,34,0.020741635640816675,retired,Oc^ --> Oc^^,DLSTM
geowave,35,0.02073159471242904,retired,Oc^ --> Oc^^,DLSTM
geowave,36,0.020758346843100742,retired,Oc^ --> Oc^^,DLSTM
geowave,37,0.020746959555740758,retired,Oc^ --> Oc^^,DLSTM
geowave,38,0.02078865923910642,retired,Oc^ --> Oc^^,DLSTM
geowave,39,0.020784539060963378,retired,Oc^ --> Oc^^,DLSTM
geowave,40,0.020821920195951766,retired,Oc^ --> Oc^^,DLSTM
geowave,41,0.020844844054691666,retired,Oc^ --> Oc^^,DLSTM
geowave,42,0.020919951957158824,retired,Oc^ --> Oc^^,DLSTM
geowave,43,0.019154310988656737,retired,Oc^ --> Oc^^,DLSTM
get-it,1,0.7907113877261515,retired,Oc^ --> Oc^^,DLSTM
get-it,2,0.8646817162444854,retired,Oc^ --> Oc^^,DLSTM
get-it,3,0.8580558295394272,retired,Oc^ --> Oc^^,DLSTM
get-it,4,0.8573559644379873,retired,Oc^ --> Oc^^,DLSTM
get-it,5,0.857355856087058,retired,Oc^ --> Oc^^,DLSTM
get-it,6,0.8579591767175254,retired,Oc^ --> Oc^^,DLSTM
get-it,7,0.8635726278170436,retired,Oc^ --> Oc^^,DLSTM
get-it,8,0.8625964872029087,retired,Oc^ --> Oc^^,DLSTM
get-it,9,0.8648746462472956,retired,Oc^ --> Oc^^,DLSTM
get-it,10,0.8635081309423333,retired,Oc^ --> Oc^^,DLSTM
get-it,11,0.8446954438114977,retired,Oc^ --> Oc^^,DLSTM
get-it,12,0.840300308804456,retired,Oc^ --> Oc^^,DLSTM
get-it,13,0.8572548260373544,retired,Oc^ --> Oc^^,DLSTM
get-it,14,0.8649054196252685,retired,Oc^ --> Oc^^,DLSTM
get-it,15,0.8658114241819465,retired,Oc^ --> Oc^^,DLSTM
get-it,16,0.8657013879112146,retired,Oc^ --> Oc^^,DLSTM
get-it,17,0.8655376756649671,retired,Oc^ --> Oc^^,DLSTM
get-it,18,0.8652155628110771,retired,Oc^ --> Oc^^,DLSTM
get-it,19,0.8628361650478044,retired,Oc^ --> Oc^^,DLSTM
get-it,20,0.8643365957908026,retired,Oc^ --> Oc^^,DLSTM
get-it,21,0.8653249119123129,retired,Oc^ --> Oc^^,DLSTM
get-it,22,0.8649578602298962,retired,Oc^ --> Oc^^,DLSTM
get-it,23,0.8652528935771552,retired,Oc^ --> Oc^^,DLSTM
get-it,24,0.8595455058477759,retired,Oc^ --> Oc^^,DLSTM
get-it,25,0.862368000444667,retired,Oc^ --> Oc^^,DLSTM
get-it,26,0.8609709115400032,retired,Oc^ --> Oc^^,DLSTM
get-it,27,0.8530408632770476,retired,Oc^ --> Oc^^,DLSTM
get-it,28,0.8452283770609978,retired,Oc^ --> Oc^^,DLSTM
get-it,29,0.8497035755618585,retired,Oc^ --> Oc^^,DLSTM
get-it,30,0.8407192638595834,retired,Oc^ --> Oc^^,DLSTM
get-it,31,0.8422080061187245,retired,Oc^ --> Oc^^,DLSTM
get-it,32,0.7697810924589437,retired,Oc^ --> Oc^^,DLSTM
get-it,33,0.6185179563282545,retired,Oc^ --> Oc^^,DLSTM
get-it,34,0.20120407574598498,retired,Oc^ --> Oc^^,DLSTM
get-it,35,0.11817868127698174,retired,Oc^ --> Oc^^,DLSTM
get-it,36,0.12880188048235452,retired,Oc^ --> Oc^^,DLSTM
get-it,37,0.1260424578072226,retired,Oc^ --> Oc^^,DLSTM
get-it,38,0.08968933065757001,retired,Oc^ --> Oc^^,DLSTM
get-it,39,0.10450882467601334,retired,Oc^ --> Oc^^,DLSTM
get-it,40,0.06548221528950696,retired,Oc^ --> Oc^^,DLSTM
get-it,41,0.045645247156596534,retired,Oc^ --> Oc^^,DLSTM
get-it,42,0.03600929006365953,retired,Oc^ --> Oc^^,DLSTM
get-it,43,0.032831022598111985,retired,Oc^ --> Oc^^,DLSTM
get-it,44,0.027701793517957807,retired,Oc^ --> Oc^^,DLSTM
get-it,45,0.030289608942760827,retired,Oc^ --> Oc^^,DLSTM
get-it,46,0.025174584027341452,retired,Oc^ --> Oc^^,DLSTM
get-it,47,0.02405713786864659,retired,Oc^ --> Oc^^,DLSTM
get-it,48,0.0227756782221121,retired,Oc^ --> Oc^^,DLSTM
get-it,49,0.022220039774501786,retired,Oc^ --> Oc^^,DLSTM
get-it,50,0.021326614745052826,retired,Oc^ --> Oc^^,DLSTM
get-it,51,0.02134262571941037,retired,Oc^ --> Oc^^,DLSTM
get-it,52,0.021827087442331274,retired,Oc^ --> Oc^^,DLSTM
get-it,53,0.021919438477599258,retired,Oc^ --> Oc^^,DLSTM
get-it,54,0.021436755212477274,retired,Oc^ --> Oc^^,DLSTM
get-it,55,0.021350158096626645,retired,Oc^ --> Oc^^,DLSTM
get-it,56,0.021026816869671033,retired,Oc^ --> Oc^^,DLSTM
get-it,57,0.021245853675244033,retired,Oc^ --> Oc^^,DLSTM
get-it,58,0.02109581286709095,retired,Oc^ --> Oc^^,DLSTM
get-it,59,0.02113279357647985,retired,Oc^ --> Oc^^,DLSTM
get-it,60,0.021296281927908577,retired,Oc^ --> Oc^^,DLSTM
get-it,61,0.02127777526382359,retired,Oc^ --> Oc^^,DLSTM
get-it,62,0.021109844957977342,retired,Oc^ --> Oc^^,DLSTM
get-it,63,0.021046668302723285,retired,Oc^ --> Oc^^,DLSTM
get-it,64,0.02102524154294556,retired,Oc^ --> Oc^^,DLSTM
get-it,65,0.02115980723057125,retired,Oc^ --> Oc^^,DLSTM
get-it,66,0.021118113468130844,retired,Oc^ --> Oc^^,DLSTM
get-it,67,0.02116816478419211,retired,Oc^ --> Oc^^,DLSTM
get-it,68,0.021238776391750435,retired,Oc^ --> Oc^^,DLSTM
get-it,69,0.021233858772266485,retired,Oc^ --> Oc^^,DLSTM
get-it,70,0.021131799617034694,retired,Oc^ --> Oc^^,DLSTM
get-it,71,0.021114677578555,retired,Oc^ --> Oc^^,DLSTM
get-it,72,0.021093093092833755,retired,Oc^ --> Oc^^,DLSTM
get-it,73,0.021129806555291994,retired,Oc^ --> Oc^^,DLSTM
get-it,74,0.021126928176740976,retired,Oc^ --> Oc^^,DLSTM
get-it,75,0.021161157703496615,retired,Oc^ --> Oc^^,DLSTM
get-it,76,0.021248776646403816,retired,Oc^ --> Oc^^,DLSTM
get-it,77,0.021214371689654003,retired,Oc^ --> Oc^^,DLSTM
get-it,78,0.021217894827194404,retired,Oc^ --> Oc^^,DLSTM
get-it,79,0.021215486340051166,retired,Oc^ --> Oc^^,DLSTM
get-it,80,0.02122077067555637,retired,Oc^ --> Oc^^,DLSTM
get-it,81,0.021259426481333332,retired,Oc^ --> Oc^^,DLSTM
get-it,82,0.021274100146958585,retired,Oc^ --> Oc^^,DLSTM
get-it,83,0.021239970488718455,retired,Oc^ --> Oc^^,DLSTM
get-it,84,0.021316789322438037,retired,Oc^ --> Oc^^,DLSTM
get-it,85,0.021300273353206202,retired,Oc^ --> Oc^^,DLSTM
get-it,86,0.02133303577805274,retired,Oc^ --> Oc^^,DLSTM
get-it,87,0.021336494904029515,retired,Oc^ --> Oc^^,DLSTM
get-it,88,0.021357222722612,retired,Oc^ --> Oc^^,DLSTM
get-it,89,0.01952645722725945,retired,Oc^ --> Oc^^,DLSTM
gisquick,1,0.791180012676046,retired,Oc^ --> Oc^^,DLSTM
gisquick,2,0.8653686421958298,retired,Oc^ --> Oc^^,DLSTM
gisquick,3,0.8652845377675806,retired,Oc^ --> Oc^^,DLSTM
gisquick,4,0.8654222846806001,retired,Oc^ --> Oc^^,DLSTM
gisquick,5,0.8654156522792102,retired,Oc^ --> Oc^^,DLSTM
gisquick,6,0.8640658435272897,retired,Oc^ --> Oc^^,DLSTM
gisquick,7,0.8629621067437409,retired,Oc^ --> Oc^^,DLSTM
gisquick,8,0.8618030881218357,retired,Oc^ --> Oc^^,DLSTM
gisquick,9,0.8613929870934122,retired,Oc^ --> Oc^^,DLSTM
gisquick,10,0.8591196669047677,retired,Oc^ --> Oc^^,DLSTM
gisquick,11,0.8456664994431974,retired,Oc^ --> Oc^^,DLSTM
gisquick,12,0.8338200996078536,retired,Oc^ --> Oc^^,DLSTM
gisquick,13,0.8411974726751505,retired,Oc^ --> Oc^^,DLSTM
gisquick,14,0.7137517945522819,retired,Oc^ --> Oc^^,DLSTM
gisquick,15,0.7713121389848211,retired,Oc^ --> Oc^^,DLSTM
gisquick,16,0.787214387968678,retired,Oc^ --> Oc^^,DLSTM
gisquick,17,0.6484399357134603,retired,Oc^ --> Oc^^,DLSTM
gisquick,18,0.4699728649262614,retired,Oc^ --> Oc^^,DLSTM
gisquick,19,0.49093283411782457,retired,Oc^ --> Oc^^,DLSTM
gisquick,20,0.5463832532058146,retired,Oc^ --> Oc^^,DLSTM
gisquick,21,0.5362330401816789,retired,Oc^ --> Oc^^,DLSTM
gisquick,22,0.14399538066078504,retired,Oc^ --> Oc^^,DLSTM
gisquick,23,0.16217256984685569,retired,Oc^ --> Oc^^,DLSTM
gisquick,24,0.05940883846859973,retired,Oc^ --> Oc^^,DLSTM
gisquick,25,0.029632001846493332,retired,Oc^ --> Oc^^,DLSTM
gisquick,26,0.034381703727506686,retired,Oc^ --> Oc^^,DLSTM
gisquick,27,0.03162098100720235,retired,Oc^ --> Oc^^,DLSTM
gisquick,28,0.025687303635136046,retired,Oc^ --> Oc^^,DLSTM
gisquick,29,0.023612987271940302,retired,Oc^ --> Oc^^,DLSTM
gisquick,30,0.02261095528304905,retired,Oc^ --> Oc^^,DLSTM
gisquick,31,0.021624215753144615,retired,Oc^ --> Oc^^,DLSTM
gisquick,32,0.021155489306558185,retired,Oc^ --> Oc^^,DLSTM
gisquick,33,0.021075966555382655,retired,Oc^ --> Oc^^,DLSTM
gisquick,34,0.02106900260151546,retired,Oc^ --> Oc^^,DLSTM
gisquick,35,0.020820740079859647,retired,Oc^ --> Oc^^,DLSTM
gisquick,36,0.020779844034807322,retired,Oc^ --> Oc^^,DLSTM
gisquick,37,0.020788862497934144,retired,Oc^ --> Oc^^,DLSTM
gisquick,38,0.020738668734651813,retired,Oc^ --> Oc^^,DLSTM
gisquick,39,0.02070560321434055,retired,Oc^ --> Oc^^,DLSTM
gisquick,40,0.020706247635783732,retired,Oc^ --> Oc^^,DLSTM
gisquick,41,0.020801230497423936,retired,Oc^ --> Oc^^,DLSTM
gisquick,42,0.020879149223776906,retired,Oc^ --> Oc^^,DLSTM
gisquick,43,0.020867373495041024,retired,Oc^ --> Oc^^,DLSTM
gisquick,44,0.02089142062304508,retired,Oc^ --> Oc^^,DLSTM
gisquick,45,0.02090257473570846,retired,Oc^ --> Oc^^,DLSTM
gisquick,46,0.02088476628764034,retired,Oc^ --> Oc^^,DLSTM
gisquick,47,0.02086825097926331,retired,Oc^ --> Oc^^,DLSTM
gisquick,48,0.020895695808065776,retired,Oc^ --> Oc^^,DLSTM
gisquick,49,0.0209261698844794,retired,Oc^ --> Oc^^,DLSTM
gisquick,50,0.02095719884981781,retired,Oc^ --> Oc^^,DLSTM
gisquick,51,0.02096246682839564,retired,Oc^ --> Oc^^,DLSTM
gisquick,52,0.02100879094174622,retired,Oc^ --> Oc^^,DLSTM
gisquick,53,0.02102370272603208,retired,Oc^ --> Oc^^,DLSTM
gisquick,54,0.02099066402490328,retired,Oc^ --> Oc^^,DLSTM
gisquick,55,0.02103777648076665,retired,Oc^ --> Oc^^,DLSTM
gisquick,56,0.021071802600273797,retired,Oc^ --> Oc^^,DLSTM
gisquick,57,0.0210789940927357,retired,Oc^ --> Oc^^,DLSTM
gisquick,58,0.021096565700935425,retired,Oc^ --> Oc^^,DLSTM
gisquick,59,0.021174925991275642,retired,Oc^ --> Oc^^,DLSTM
gisquick,60,0.021192390589605585,retired,Oc^ --> Oc^^,DLSTM
gisquick,61,0.02115209523597346,retired,Oc^ --> Oc^^,DLSTM
gisquick,62,0.021199956558274426,retired,Oc^ --> Oc^^,DLSTM
gisquick,63,0.021245708500461764,retired,Oc^ --> Oc^^,DLSTM
gisquick,64,0.021270618121360878,retired,Oc^ --> Oc^^,DLSTM
gisquick,65,0.021262141333787572,retired,Oc^ --> Oc^^,DLSTM
gisquick,66,0.021254210664470835,retired,Oc^ --> Oc^^,DLSTM
gisquick,67,0.021267787466217873,retired,Oc^ --> Oc^^,DLSTM
gisquick,68,0.021283634558814126,retired,Oc^ --> Oc^^,DLSTM
gisquick,69,0.02129849321870404,retired,Oc^ --> Oc^^,DLSTM
gisquick,70,0.021308042856445095,retired,Oc^ --> Oc^^,DLSTM
gisquick,71,0.019479465842491137,retired,Oc^ --> Oc^^,DLSTM
grass,1,0.7910422540921237,incubating,Oc^ --> Oc^^,DLSTM
grass,2,0.8643183987380145,incubating,Oc^ --> Oc^^,DLSTM
grass,3,0.8641948734911573,incubating,Oc^ --> Oc^^,DLSTM
grass,4,0.8642354735028822,incubating,Oc^ --> Oc^^,DLSTM
grass,5,0.8642083110213369,incubating,Oc^ --> Oc^^,DLSTM
grass,6,0.8642834429244681,incubating,Oc^ --> Oc^^,DLSTM
grass,7,0.8641191787468043,incubating,Oc^ --> Oc^^,DLSTM
grass,8,0.8640486199811946,incubating,Oc^ --> Oc^^,DLSTM
grass,9,0.8643168719104516,incubating,Oc^ --> Oc^^,DLSTM
grass,10,0.8644260082231999,incubating,Oc^ --> Oc^^,DLSTM
grass,11,0.8645324319106426,incubating,Oc^ --> Oc^^,DLSTM
grass,12,0.8648203481889909,incubating,Oc^ --> Oc^^,DLSTM
grass,13,0.8646794482797229,incubating,Oc^ --> Oc^^,DLSTM
grass,14,0.8646206515432918,incubating,Oc^ --> Oc^^,DLSTM
grass,15,0.8646031376517297,incubating,Oc^ --> Oc^^,DLSTM
grass,16,0.8645865744570453,incubating,Oc^ --> Oc^^,DLSTM
grass,17,0.8647571736978636,incubating,Oc^ --> Oc^^,DLSTM
grass,18,0.8648724910215794,incubating,Oc^ --> Oc^^,DLSTM
grass,19,0.8650168487060099,incubating,Oc^ --> Oc^^,DLSTM
grass,20,0.8651442368506151,incubating,Oc^ --> Oc^^,DLSTM
grass,21,0.8651766086120574,incubating,Oc^ --> Oc^^,DLSTM
grass,22,0.8654247193098524,incubating,Oc^ --> Oc^^,DLSTM
grass,23,0.8651892633914738,incubating,Oc^ --> Oc^^,DLSTM
grass,24,0.7907917246729618,incubating,Oc^ --> Oc^^,DLSTM
istsos,1,0.3727924486141192,retired,Oc^ --> Oc^^,DLSTM
istsos,2,0.30988683931915,retired,Oc^ --> Oc^^,DLSTM
istsos,3,0.48627535038617037,retired,Oc^ --> Oc^^,DLSTM
istsos,4,0.3363476122173341,retired,Oc^ --> Oc^^,DLSTM
istsos,5,0.6864943778482151,retired,Oc^ --> Oc^^,DLSTM
istsos,6,0.6763530329163777,retired,Oc^ --> Oc^^,DLSTM
istsos,7,0.44982350525535514,retired,Oc^ --> Oc^^,DLSTM
istsos,8,0.3222241238427267,retired,Oc^ --> Oc^^,DLSTM
istsos,9,0.6089503386634417,retired,Oc^ --> Oc^^,DLSTM
istsos,10,0.5029276520013427,retired,Oc^ --> Oc^^,DLSTM
istsos,11,0.1136934543718416,retired,Oc^ --> Oc^^,DLSTM
istsos,12,0.06225257347288452,retired,Oc^ --> Oc^^,DLSTM
istsos,13,0.0715285268554677,retired,Oc^ --> Oc^^,DLSTM
istsos,14,0.06174801496696543,retired,Oc^ --> Oc^^,DLSTM
istsos,15,0.047686286065331665,retired,Oc^ --> Oc^^,DLSTM
istsos,16,0.044517025581800526,retired,Oc^ --> Oc^^,DLSTM
istsos,17,0.040534234087404024,retired,Oc^ --> Oc^^,DLSTM
istsos,18,0.03157854333123358,retired,Oc^ --> Oc^^,DLSTM
istsos,19,0.025763807029858272,retired,Oc^ --> Oc^^,DLSTM
istsos,20,0.024362897145971573,retired,Oc^ --> Oc^^,DLSTM
istsos,21,0.02397224917823435,retired,Oc^ --> Oc^^,DLSTM
istsos,22,0.02344843167678951,retired,Oc^ --> Oc^^,DLSTM
istsos,23,0.02290736987343175,retired,Oc^ --> Oc^^,DLSTM
istsos,24,0.02253530622490169,retired,Oc^ --> Oc^^,DLSTM
istsos,25,0.02153850072175912,retired,Oc^ --> Oc^^,DLSTM
istsos,26,0.021085361569462013,retired,Oc^ --> Oc^^,DLSTM
istsos,27,0.0213359297587173,retired,Oc^ --> Oc^^,DLSTM
istsos,28,0.020747704924473573,retired,Oc^ --> Oc^^,DLSTM
istsos,29,0.0206540241971615,retired,Oc^ --> Oc^^,DLSTM
istsos,30,0.02076976992408645,retired,Oc^ --> Oc^^,DLSTM
istsos,31,0.02070384635228416,retired,Oc^ --> Oc^^,DLSTM
istsos,32,0.02067110715977002,retired,Oc^ --> Oc^^,DLSTM
istsos,33,0.020587789921660295,retired,Oc^ --> Oc^^,DLSTM
istsos,34,0.02060106949553816,retired,Oc^ --> Oc^^,DLSTM
istsos,35,0.02057458790899633,retired,Oc^ --> Oc^^,DLSTM
istsos,36,0.020630245858526006,retired,Oc^ --> Oc^^,DLSTM
istsos,37,0.0206238730287737,retired,Oc^ --> Oc^^,DLSTM
istsos,38,0.020716931115795673,retired,Oc^ --> Oc^^,DLSTM
istsos,39,0.02075001718520899,retired,Oc^ --> Oc^^,DLSTM
istsos,40,0.020777538995613052,retired,Oc^ --> Oc^^,DLSTM
istsos,41,0.02086077699222713,retired,Oc^ --> Oc^^,DLSTM
istsos,42,0.020844107346042813,retired,Oc^ --> Oc^^,DLSTM
istsos,43,0.02095915120642465,retired,Oc^ --> Oc^^,DLSTM
istsos,44,0.020896308976850693,retired,Oc^ --> Oc^^,DLSTM
istsos,45,0.02092434450035334,retired,Oc^ --> Oc^^,DLSTM
istsos,46,0.02105737903006898,retired,Oc^ --> Oc^^,DLSTM
istsos,47,0.02103631421128204,retired,Oc^ --> Oc^^,DLSTM
istsos,48,0.021098879784776817,retired,Oc^ --> Oc^^,DLSTM
istsos,49,0.021012933139582562,retired,Oc^ --> Oc^^,DLSTM
istsos,50,0.021040911153822506,retired,Oc^ --> Oc^^,DLSTM
istsos,51,0.021066590059516388,retired,Oc^ --> Oc^^,DLSTM
istsos,52,0.02107296799959427,retired,Oc^ --> Oc^^,DLSTM
istsos,53,0.021088502975398896,retired,Oc^ --> Oc^^,DLSTM
istsos,54,0.021140838210938845,retired,Oc^ --> Oc^^,DLSTM
istsos,55,0.021133153672984486,retired,Oc^ --> Oc^^,DLSTM
istsos,56,0.021219365660342875,retired,Oc^ --> Oc^^,DLSTM
istsos,57,0.021151606949929166,retired,Oc^ --> Oc^^,DLSTM
istsos,58,0.021168054249371085,retired,Oc^ --> Oc^^,DLSTM
istsos,59,0.021179140544421042,retired,Oc^ --> Oc^^,DLSTM
istsos,60,0.021202653096243536,retired,Oc^ --> Oc^^,DLSTM
istsos,61,0.021209656967099352,retired,Oc^ --> Oc^^,DLSTM
istsos,62,0.02121800193679688,retired,Oc^ --> Oc^^,DLSTM
istsos,63,0.021229711301838938,retired,Oc^ --> Oc^^,DLSTM
istsos,64,0.021304880075931953,retired,Oc^ --> Oc^^,DLSTM
istsos,65,0.021316939496583573,retired,Oc^ --> Oc^^,DLSTM
istsos,66,0.021320819086766328,retired,Oc^ --> Oc^^,DLSTM
istsos,67,0.02128319653797284,retired,Oc^ --> Oc^^,DLSTM
istsos,68,0.02127353859423106,retired,Oc^ --> Oc^^,DLSTM
istsos,69,0.021281656294381418,retired,Oc^ --> Oc^^,DLSTM
istsos,70,0.02131004469090503,retired,Oc^ --> Oc^^,DLSTM
istsos,71,0.02137346907981778,retired,Oc^ --> Oc^^,DLSTM
istsos,72,0.021419100357137857,retired,Oc^ --> Oc^^,DLSTM
istsos,73,0.021344802525774368,retired,Oc^ --> Oc^^,DLSTM
istsos,74,0.02132903104093553,retired,Oc^ --> Oc^^,DLSTM
istsos,75,0.021334488450714395,retired,Oc^ --> Oc^^,DLSTM
istsos,76,0.02134529264702867,retired,Oc^ --> Oc^^,DLSTM
istsos,77,0.021342757667762842,retired,Oc^ --> Oc^^,DLSTM
istsos,78,0.02137997068682888,retired,Oc^ --> Oc^^,DLSTM
istsos,79,0.021387056480831206,retired,Oc^ --> Oc^^,DLSTM
istsos,80,0.021406012868729115,retired,Oc^ --> Oc^^,DLSTM
istsos,81,0.02137710131183855,retired,Oc^ --> Oc^^,DLSTM
istsos,82,0.021371254035949014,retired,Oc^ --> Oc^^,DLSTM
istsos,83,0.021368019283911733,retired,Oc^ --> Oc^^,DLSTM
istsos,84,0.02138882833708284,retired,Oc^ --> Oc^^,DLSTM
istsos,85,0.02144879480129695,retired,Oc^ --> Oc^^,DLSTM
istsos,86,0.02146331831181284,retired,Oc^ --> Oc^^,DLSTM
istsos,87,0.021461304282252427,retired,Oc^ --> Oc^^,DLSTM
istsos,88,0.021455564558611608,retired,Oc^ --> Oc^^,DLSTM
istsos,89,0.02147634874829716,retired,Oc^ --> Oc^^,DLSTM
istsos,90,0.021447639789666722,retired,Oc^ --> Oc^^,DLSTM
istsos,91,0.021472822475636286,retired,Oc^ --> Oc^^,DLSTM
istsos,92,0.0215029447919496,retired,Oc^ --> Oc^^,DLSTM
istsos,93,0.021540459862839634,retired,Oc^ --> Oc^^,DLSTM
istsos,94,0.021550481751731805,retired,Oc^ --> Oc^^,DLSTM
istsos,95,0.021543378620220537,retired,Oc^ --> Oc^^,DLSTM
istsos,96,0.02154508254314698,retired,Oc^ --> Oc^^,DLSTM
istsos,97,0.021556037406407352,retired,Oc^ --> Oc^^,DLSTM
istsos,98,0.02153040259963567,retired,Oc^ --> Oc^^,DLSTM
istsos,99,0.021552959340849887,retired,Oc^ --> Oc^^,DLSTM
istsos,100,0.021579786394030288,retired,Oc^ --> Oc^^,DLSTM
istsos,101,0.02160688520634645,retired,Oc^ --> Oc^^,DLSTM
istsos,102,0.02160015447188633,retired,Oc^ --> Oc^^,DLSTM
istsos,103,0.021603121647701142,retired,Oc^ --> Oc^^,DLSTM
istsos,104,0.02156562845632765,retired,Oc^ --> Oc^^,DLSTM
istsos,105,0.021586606933713316,retired,Oc^ --> Oc^^,DLSTM
istsos,106,0.021571658682232615,retired,Oc^ --> Oc^^,DLSTM
istsos,107,0.021610188437495383,retired,Oc^ --> Oc^^,DLSTM
istsos,108,0.02160658600822996,retired,Oc^ --> Oc^^,DLSTM
istsos,109,0.021633674847418526,retired,Oc^ --> Oc^^,DLSTM
istsos,110,0.021637326978435786,retired,Oc^ --> Oc^^,DLSTM
istsos,111,0.02163076453291552,retired,Oc^ --> Oc^^,DLSTM
istsos,112,0.021614669784044988,retired,Oc^ --> Oc^^,DLSTM
istsos,113,0.021615990885253053,retired,Oc^ --> Oc^^,DLSTM
istsos,114,0.021582841748150547,retired,Oc^ --> Oc^^,DLSTM
istsos,115,0.021619776732965557,retired,Oc^ --> Oc^^,DLSTM
istsos,116,0.021644098456026478,retired,Oc^ --> Oc^^,DLSTM
istsos,117,0.021683562065032157,retired,Oc^ --> Oc^^,DLSTM
istsos,118,0.02169121116217249,retired,Oc^ --> Oc^^,DLSTM
istsos,119,0.021685301271624064,retired,Oc^ --> Oc^^,DLSTM
istsos,120,0.021660980399457554,retired,Oc^ --> Oc^^,DLSTM
istsos,121,0.021654553399643454,retired,Oc^ --> Oc^^,DLSTM
istsos,122,0.021618409193584414,retired,Oc^ --> Oc^^,DLSTM
istsos,123,0.021638448768901954,retired,Oc^ --> Oc^^,DLSTM
istsos,124,0.01980928192023893,retired,Oc^ --> Oc^^,DLSTM
mapserver,1,0.7906709536456984,graduated,Oc^ --> Oc^^,DLSTM
mapserver,2,0.8653292887660647,graduated,Oc^ --> Oc^^,DLSTM
mapserver,3,0.8654241366806865,graduated,Oc^ --> Oc^^,DLSTM
mapserver,4,0.8653845232204004,graduated,Oc^ --> Oc^^,DLSTM
mapserver,5,0.8651111375633683,graduated,Oc^ --> Oc^^,DLSTM
mapserver,6,0.8655882878038519,graduated,Oc^ --> Oc^^,DLSTM
mapserver,7,0.8657446137491895,graduated,Oc^ --> Oc^^,DLSTM
mapserver,8,0.8654740253910879,graduated,Oc^ --> Oc^^,DLSTM
mapserver,9,0.8657628216904052,graduated,Oc^ --> Oc^^,DLSTM
mapserver,10,0.8657393188569633,graduated,Oc^ --> Oc^^,DLSTM
mapserver,11,0.8666628723265124,graduated,Oc^ --> Oc^^,DLSTM
mapserver,12,0.866184863385157,graduated,Oc^ --> Oc^^,DLSTM
mapserver,13,0.8663753226594767,graduated,Oc^ --> Oc^^,DLSTM
mapserver,14,0.8661677864572367,graduated,Oc^ --> Oc^^,DLSTM
mapserver,15,0.8662678472137816,graduated,Oc^ --> Oc^^,DLSTM
mapserver,16,0.8662091046296245,graduated,Oc^ --> Oc^^,DLSTM
mapserver,17,0.8662294730523832,graduated,Oc^ --> Oc^^,DLSTM
mapserver,18,0.8661054974314125,graduated,Oc^ --> Oc^^,DLSTM
mapserver,19,0.8661429126387599,graduated,Oc^ --> Oc^^,DLSTM
mapserver,20,0.8659967955414666,graduated,Oc^ --> Oc^^,DLSTM
mapserver,21,0.8663165374595599,graduated,Oc^ --> Oc^^,DLSTM
mapserver,22,0.866300828192705,graduated,Oc^ --> Oc^^,DLSTM
mapserver,23,0.8663777961982344,graduated,Oc^ --> Oc^^,DLSTM
mapserver,24,0.8664545535810608,graduated,Oc^ --> Oc^^,DLSTM
mapserver,25,0.8665587900493479,graduated,Oc^ --> Oc^^,DLSTM
mapserver,26,0.8665811898851434,graduated,Oc^ --> Oc^^,DLSTM
mapserver,27,0.8665229711109491,graduated,Oc^ --> Oc^^,DLSTM
mapserver,28,0.8665687319486394,graduated,Oc^ --> Oc^^,DLSTM
mapserver,29,0.8667540803250384,graduated,Oc^ --> Oc^^,DLSTM
mapserver,30,0.86659706641225,graduated,Oc^ --> Oc^^,DLSTM
mapserver,31,0.866716877060837,graduated,Oc^ --> Oc^^,DLSTM
mapserver,32,0.8667964634109194,graduated,Oc^ --> Oc^^,DLSTM
mapserver,33,0.8667154239357977,graduated,Oc^ --> Oc^^,DLSTM
mapserver,34,0.8665839863165345,graduated,Oc^ --> Oc^^,DLSTM
mapserver,35,0.7919623342571035,graduated,Oc^ --> Oc^^,DLSTM
openlayers,1,0.7868280869168546,graduated,Oc^ --> Oc^^,DLSTM
openlayers,2,0.8625119948832749,graduated,Oc^ --> Oc^^,DLSTM
openlayers,3,0.8628623155198051,graduated,Oc^ --> Oc^^,DLSTM
openlayers,4,0.8625453876617024,graduated,Oc^ --> Oc^^,DLSTM
openlayers,5,0.8630050815303828,graduated,Oc^ --> Oc^^,DLSTM
openlayers,6,0.86298011644939,graduated,Oc^ --> Oc^^,DLSTM
openlayers,7,0.8629370167782837,graduated,Oc^ --> Oc^^,DLSTM
openlayers,8,0.8625759053363011,graduated,Oc^ --> Oc^^,DLSTM
openlayers,9,0.8576402014930623,graduated,Oc^ --> Oc^^,DLSTM
openlayers,10,0.8624446202093597,graduated,Oc^ --> Oc^^,DLSTM
openlayers,11,0.8629996064027263,graduated,Oc^ --> Oc^^,DLSTM
openlayers,12,0.7883283892689886,graduated,Oc^ --> Oc^^,DLSTM
osgeolive,1,0.785571893778253,graduated,Oc^ --> Oc^^,DLSTM
osgeolive,2,0.8593053336085171,graduated,Oc^ --> Oc^^,DLSTM
osgeolive,3,0.8554784215735052,graduated,Oc^ --> Oc^^,DLSTM
osgeolive,4,0.8550701560245718,graduated,Oc^ --> Oc^^,DLSTM
osgeolive,5,0.8550706416711823,graduated,Oc^ --> Oc^^,DLSTM
osgeolive,6,0.8558270939533251,graduated,Oc^ --> Oc^^,DLSTM
osgeolive,7,0.7894714593031931,graduated,Oc^ --> Oc^^,DLSTM
ossim,1,0.7912673427733941,graduated,Oc^ --> Oc^^,DLSTM
ossim,2,0.8651031597666152,graduated,Oc^ --> Oc^^,DLSTM
ossim,3,0.8653849166843988,graduated,Oc^ --> Oc^^,DLSTM
ossim,4,0.8656800059830824,graduated,Oc^ --> Oc^^,DLSTM
ossim,5,0.8654860658696556,graduated,Oc^ --> Oc^^,DLSTM
ossim,6,0.8660431374878181,graduated,Oc^ --> Oc^^,DLSTM
ossim,7,0.8662052621495548,graduated,Oc^ --> Oc^^,DLSTM
ossim,8,0.8658093569400498,graduated,Oc^ --> Oc^^,DLSTM
ossim,9,0.8659821744150807,graduated,Oc^ --> Oc^^,DLSTM
ossim,10,0.86660648355065,graduated,Oc^ --> Oc^^,DLSTM
ossim,11,0.8666759022609366,graduated,Oc^ --> Oc^^,DLSTM
ossim,12,0.8670826826849364,graduated,Oc^ --> Oc^^,DLSTM
ossim,13,0.8674555352381079,graduated,Oc^ --> Oc^^,DLSTM
ossim,14,0.8672807310691854,graduated,Oc^ --> Oc^^,DLSTM
ossim,15,0.8673481239789237,graduated,Oc^ --> Oc^^,DLSTM
ossim,16,0.8674161404471626,graduated,Oc^ --> Oc^^,DLSTM
ossim,17,0.8668266900696782,graduated,Oc^ --> Oc^^,DLSTM
ossim,18,0.8677883564764002,graduated,Oc^ --> Oc^^,DLSTM
ossim,19,0.8681781118898408,graduated,Oc^ --> Oc^^,DLSTM
ossim,20,0.867771535565427,graduated,Oc^ --> Oc^^,DLSTM
ossim,21,0.8678544649332343,graduated,Oc^ --> Oc^^,DLSTM
ossim,22,0.86737488685781,graduated,Oc^ --> Oc^^,DLSTM
ossim,23,0.867738439339542,graduated,Oc^ --> Oc^^,DLSTM
ossim,24,0.8675468959990144,graduated,Oc^ --> Oc^^,DLSTM
ossim,25,0.8671734340574466,graduated,Oc^ --> Oc^^,DLSTM
ossim,26,0.8674445958257802,graduated,Oc^ --> Oc^^,DLSTM
ossim,27,0.8682294892504302,graduated,Oc^ --> Oc^^,DLSTM
ossim,28,0.8680287657882397,graduated,Oc^ --> Oc^^,DLSTM
ossim,29,0.8677449994399306,graduated,Oc^ --> Oc^^,DLSTM
ossim,30,0.8676784520455781,graduated,Oc^ --> Oc^^,DLSTM
ossim,31,0.8679197570061385,graduated,Oc^ --> Oc^^,DLSTM
ossim,32,0.8680653631183204,graduated,Oc^ --> Oc^^,DLSTM
ossim,33,0.8679247265443465,graduated,Oc^ --> Oc^^,DLSTM
ossim,34,0.8682570624285841,graduated,Oc^ --> Oc^^,DLSTM
ossim,35,0.8693962264561995,graduated,Oc^ --> Oc^^,DLSTM
ossim,36,0.8687102515937096,graduated,Oc^ --> Oc^^,DLSTM
ossim,37,0.8682092796713615,graduated,Oc^ --> Oc^^,DLSTM
ossim,38,0.8683844460946536,graduated,Oc^ --> Oc^^,DLSTM
ossim,39,0.8687242522906318,graduated,Oc^ --> Oc^^,DLSTM
ossim,40,0.8696147792113268,graduated,Oc^ --> Oc^^,DLSTM
ossim,41,0.8689864052887885,graduated,Oc^ --> Oc^^,DLSTM
ossim,42,0.8696164622949988,graduated,Oc^ --> Oc^^,DLSTM
ossim,43,0.8688567821210148,graduated,Oc^ --> Oc^^,DLSTM
ossim,44,0.8682317497021997,graduated,Oc^ --> Oc^^,DLSTM
ossim,45,0.8682019372568754,graduated,Oc^ --> Oc^^,DLSTM
ossim,46,0.8682963504188395,graduated,Oc^ --> Oc^^,DLSTM
ossim,47,0.8689734867778756,graduated,Oc^ --> Oc^^,DLSTM
ossim,48,0.8688950550291605,graduated,Oc^ --> Oc^^,DLSTM
ossim,49,0.8682616814702729,graduated,Oc^ --> Oc^^,DLSTM
ossim,50,0.86838327363455,graduated,Oc^ --> Oc^^,DLSTM
ossim,51,0.8681961668436984,graduated,Oc^ --> Oc^^,DLSTM
ossim,52,0.8677760534791156,graduated,Oc^ --> Oc^^,DLSTM
ossim,53,0.8677519886332847,graduated,Oc^ --> Oc^^,DLSTM
ossim,54,0.8677941622981248,graduated,Oc^ --> Oc^^,DLSTM
ossim,55,0.8680372304911579,graduated,Oc^ --> Oc^^,DLSTM
ossim,56,0.8677181096517235,graduated,Oc^ --> Oc^^,DLSTM
ossim,57,0.8675429408335049,graduated,Oc^ --> Oc^^,DLSTM
ossim,58,0.8673479355030902,graduated,Oc^ --> Oc^^,DLSTM
ossim,59,0.8671285928029554,graduated,Oc^ --> Oc^^,DLSTM
ossim,60,0.8663727164552661,graduated,Oc^ --> Oc^^,DLSTM
ossim,61,0.8667315787713424,graduated,Oc^ --> Oc^^,DLSTM
ossim,62,0.8664824570698086,graduated,Oc^ --> Oc^^,DLSTM
ossim,63,0.8662950905243518,graduated,Oc^ --> Oc^^,DLSTM
ossim,64,0.865955899428383,graduated,Oc^ --> Oc^^,DLSTM
ossim,65,0.8656551206438537,graduated,Oc^ --> Oc^^,DLSTM
ossim,66,0.8635831528600649,graduated,Oc^ --> Oc^^,DLSTM
ossim,67,0.8650976022136885,graduated,Oc^ --> Oc^^,DLSTM
ossim,68,0.8637227053934927,graduated,Oc^ --> Oc^^,DLSTM
ossim,69,0.8637052175229978,graduated,Oc^ --> Oc^^,DLSTM
ossim,70,0.8618633522445965,graduated,Oc^ --> Oc^^,DLSTM
ossim,71,0.843359429047349,graduated,Oc^ --> Oc^^,DLSTM
ossim,72,0.8367282027340134,graduated,Oc^ --> Oc^^,DLSTM
ossim,73,0.6894686676852104,graduated,Oc^ --> Oc^^,DLSTM
pdal,1,0.7486075679407159,retired,Oc^ --> Oc^^,DLSTM
pdal,2,0.8391152695523112,retired,Oc^ --> Oc^^,DLSTM
pdal,3,0.7867482729159406,retired,Oc^ --> Oc^^,DLSTM
pdal,4,0.8348558857632122,retired,Oc^ --> Oc^^,DLSTM
pdal,5,0.8484190489710287,retired,Oc^ --> Oc^^,DLSTM
pdal,6,0.8314297628362479,retired,Oc^ --> Oc^^,DLSTM
pdal,7,0.852301058680215,retired,Oc^ --> Oc^^,DLSTM
pdal,8,0.8516769507987949,retired,Oc^ --> Oc^^,DLSTM
pdal,9,0.84600058015001,retired,Oc^ --> Oc^^,DLSTM
pdal,10,0.8381715897208645,retired,Oc^ --> Oc^^,DLSTM
pdal,11,0.8379631011042273,retired,Oc^ --> Oc^^,DLSTM
pdal,12,0.7705338018849605,retired,Oc^ --> Oc^^,DLSTM
pdal,13,0.827822945202707,retired,Oc^ --> Oc^^,DLSTM
pdal,14,0.7667050194441338,retired,Oc^ --> Oc^^,DLSTM
pdal,15,0.8397806649324847,retired,Oc^ --> Oc^^,DLSTM
pdal,16,0.81055628516815,retired,Oc^ --> Oc^^,DLSTM
pdal,17,0.8425953230766491,retired,Oc^ --> Oc^^,DLSTM
pdal,18,0.8313960267561562,retired,Oc^ --> Oc^^,DLSTM
pdal,19,0.8046856142505873,retired,Oc^ --> Oc^^,DLSTM
pdal,20,0.5518297182797033,retired,Oc^ --> Oc^^,DLSTM
pdal,21,0.7442678714425159,retired,Oc^ --> Oc^^,DLSTM
pdal,22,0.3885489825085631,retired,Oc^ --> Oc^^,DLSTM
pdal,23,0.674608771834457,retired,Oc^ --> Oc^^,DLSTM
pdal,24,0.6774800211154554,retired,Oc^ --> Oc^^,DLSTM
pdal,25,0.21027419200438896,retired,Oc^ --> Oc^^,DLSTM
pdal,26,0.38282807193128887,retired,Oc^ --> Oc^^,DLSTM
pdal,27,0.18320462769261203,retired,Oc^ --> Oc^^,DLSTM
pdal,28,0.10395469104735743,retired,Oc^ --> Oc^^,DLSTM
pdal,29,0.08938467913631433,retired,Oc^ --> Oc^^,DLSTM
pdal,30,0.06847410718994275,retired,Oc^ --> Oc^^,DLSTM
pdal,31,0.05446470060622616,retired,Oc^ --> Oc^^,DLSTM
pdal,32,0.05023765562911205,retired,Oc^ --> Oc^^,DLSTM
pdal,33,0.04604371477883628,retired,Oc^ --> Oc^^,DLSTM
pdal,34,0.04622502152060508,retired,Oc^ --> Oc^^,DLSTM
pdal,35,0.03251093609966461,retired,Oc^ --> Oc^^,DLSTM
pdal,36,0.035296860893215154,retired,Oc^ --> Oc^^,DLSTM
pdal,37,0.04276669034048577,retired,Oc^ --> Oc^^,DLSTM
pdal,38,0.03496274528259604,retired,Oc^ --> Oc^^,DLSTM
pdal,39,0.03757942344858323,retired,Oc^ --> Oc^^,DLSTM
pdal,40,0.03573591281034698,retired,Oc^ --> Oc^^,DLSTM
pdal,41,0.03365040320202918,retired,Oc^ --> Oc^^,DLSTM
pdal,42,0.03349103219729244,retired,Oc^ --> Oc^^,DLSTM
pdal,43,0.031358505063563885,retired,Oc^ --> Oc^^,DLSTM
pdal,44,0.030864825213185215,retired,Oc^ --> Oc^^,DLSTM
pdal,45,0.030090595999801212,retired,Oc^ --> Oc^^,DLSTM
pdal,46,0.028784715528927567,retired,Oc^ --> Oc^^,DLSTM
pdal,47,0.02850162244137131,retired,Oc^ --> Oc^^,DLSTM
pdal,48,0.028057408412389483,retired,Oc^ --> Oc^^,DLSTM
pdal,49,0.027583282232961363,retired,Oc^ --> Oc^^,DLSTM
pdal,50,0.02735352535957011,retired,Oc^ --> Oc^^,DLSTM
pdal,51,0.02670063861404757,retired,Oc^ --> Oc^^,DLSTM
pdal,52,0.02640092772638432,retired,Oc^ --> Oc^^,DLSTM
pdal,53,0.02597348586218577,retired,Oc^ --> Oc^^,DLSTM
pdal,54,0.02560590138065306,retired,Oc^ --> Oc^^,DLSTM
pdal,55,0.025345365796668212,retired,Oc^ --> Oc^^,DLSTM
pdal,56,0.025306284540701527,retired,Oc^ --> Oc^^,DLSTM
pdal,57,0.025050647002003937,retired,Oc^ --> Oc^^,DLSTM
pdal,58,0.02486537870893183,retired,Oc^ --> Oc^^,DLSTM
pdal,59,0.024650466560323447,retired,Oc^ --> Oc^^,DLSTM
pdal,60,0.02440092683309081,retired,Oc^ --> Oc^^,DLSTM
pdal,61,0.024279240042054635,retired,Oc^ --> Oc^^,DLSTM
pdal,62,0.024143205288610407,retired,Oc^ --> Oc^^,DLSTM
pdal,63,0.02414343766806413,retired,Oc^ --> Oc^^,DLSTM
pdal,64,0.023965408019687866,retired,Oc^ --> Oc^^,DLSTM
pdal,65,0.02381520476114703,retired,Oc^ --> Oc^^,DLSTM
pdal,66,0.023652693004473015,retired,Oc^ --> Oc^^,DLSTM
pdal,67,0.023087507298563008,retired,Oc^ --> Oc^^,DLSTM
pdal,68,0.023454655283916732,retired,Oc^ --> Oc^^,DLSTM
pdal,69,0.02342875850986011,retired,Oc^ --> Oc^^,DLSTM
pdal,70,0.023298961535291655,retired,Oc^ --> Oc^^,DLSTM
pdal,71,0.02325178490113698,retired,Oc^ --> Oc^^,DLSTM
pdal,72,0.0231914498215339,retired,Oc^ --> Oc^^,DLSTM
pdal,73,0.023068048381591797,retired,Oc^ --> Oc^^,DLSTM
pdal,74,0.02302139177782248,retired,Oc^ --> Oc^^,DLSTM
pdal,75,0.023214584779470315,retired,Oc^ --> Oc^^,DLSTM
pdal,76,0.022872998455305448,retired,Oc^ --> Oc^^,DLSTM
pdal,77,0.022785778216413494,retired,Oc^ --> Oc^^,DLSTM
pdal,78,0.02277657320462933,retired,Oc^ --> Oc^^,DLSTM
pdal,79,0.02277524184287438,retired,Oc^ --> Oc^^,DLSTM
pdal,80,0.02264947169573494,retired,Oc^ --> Oc^^,DLSTM
pdal,81,0.022050444960675746,retired,Oc^ --> Oc^^,DLSTM
pdal,82,0.02228187588999978,retired,Oc^ --> Oc^^,DLSTM
pdal,83,0.022210794357832724,retired,Oc^ --> Oc^^,DLSTM
pdal,84,0.022029678123123286,retired,Oc^ --> Oc^^,DLSTM
pdal,85,0.02190098220776378,retired,Oc^ --> Oc^^,DLSTM
pdal,86,0.0218909884949509,retired,Oc^ --> Oc^^,DLSTM
pdal,87,0.021903069729624636,retired,Oc^ --> Oc^^,DLSTM
pdal,88,0.021852656002463045,retired,Oc^ --> Oc^^,DLSTM
pdal,89,0.021790211853250325,retired,Oc^ --> Oc^^,DLSTM
pdal,90,0.02176963383348226,retired,Oc^ --> Oc^^,DLSTM
pdal,91,0.02175385433450312,retired,Oc^ --> Oc^^,DLSTM
pdal,92,0.021701881569253727,retired,Oc^ --> Oc^^,DLSTM
pdal,93,0.02165374984462828,retired,Oc^ --> Oc^^,DLSTM
pdal,94,0.02167337072759969,retired,Oc^ --> Oc^^,DLSTM
pdal,95,0.021662275709992684,retired,Oc^ --> Oc^^,DLSTM
pdal,96,0.021627182990440717,retired,Oc^ --> Oc^^,DLSTM
pdal,97,0.021631524649921054,retired,Oc^ --> Oc^^,DLSTM
pdal,98,0.021698985628480407,retired,Oc^ --> Oc^^,DLSTM
pdal,99,0.02164820010614266,retired,Oc^ --> Oc^^,DLSTM
pdal,100,0.0216029251579575,retired,Oc^ --> Oc^^,DLSTM
pdal,101,0.021643262639205955,retired,Oc^ --> Oc^^,DLSTM
pdal,102,0.021572043013694135,retired,Oc^ --> Oc^^,DLSTM
pdal,103,0.021538106844827515,retired,Oc^ --> Oc^^,DLSTM
pdal,104,0.0214710294752447,retired,Oc^ --> Oc^^,DLSTM
pdal,105,0.021520137956600748,retired,Oc^ --> Oc^^,DLSTM
pdal,106,0.021526945336272984,retired,Oc^ --> Oc^^,DLSTM
pdal,107,0.021416014190933717,retired,Oc^ --> Oc^^,DLSTM
pdal,108,0.02149384290806174,retired,Oc^ --> Oc^^,DLSTM
pdal,109,0.02153143935306195,retired,Oc^ --> Oc^^,DLSTM
pdal,110,0.021493457527408347,retired,Oc^ --> Oc^^,DLSTM
pdal,111,0.02149129197397491,retired,Oc^ --> Oc^^,DLSTM
pdal,112,0.021484686591464547,retired,Oc^ --> Oc^^,DLSTM
pdal,113,0.02149284172690356,retired,Oc^ --> Oc^^,DLSTM
pdal,114,0.021550696173556153,retired,Oc^ --> Oc^^,DLSTM
pdal,115,0.02154314714429682,retired,Oc^ --> Oc^^,DLSTM
pdal,116,0.021428141090387563,retired,Oc^ --> Oc^^,DLSTM
pdal,117,0.021486876374898555,retired,Oc^ --> Oc^^,DLSTM
pdal,118,0.021421988074685736,retired,Oc^ --> Oc^^,DLSTM
pdal,119,0.021459955048794582,retired,Oc^ --> Oc^^,DLSTM
pdal,120,0.02141342221301935,retired,Oc^ --> Oc^^,DLSTM
pdal,121,0.02140050692324744,retired,Oc^ --> Oc^^,DLSTM
pdal,122,0.021485074003843207,retired,Oc^ --> Oc^^,DLSTM
pdal,123,0.021486395830060512,retired,Oc^ --> Oc^^,DLSTM
pdal,124,0.021448841517464845,retired,Oc^ --> Oc^^,DLSTM
pdal,125,0.021451585029983827,retired,Oc^ --> Oc^^,DLSTM
pdal,126,0.021428746953868608,retired,Oc^ --> Oc^^,DLSTM
pdal,127,0.02143479454731964,retired,Oc^ --> Oc^^,DLSTM
pdal,128,0.021437806599107146,retired,Oc^ --> Oc^^,DLSTM
pdal,129,0.019542045971435763,retired,Oc^ --> Oc^^,DLSTM
pgrouting,1,0.7897852027507765,incubating,Oc^ --> Oc^^,DLSTM
pgrouting,2,0.8593058071447216,incubating,Oc^ --> Oc^^,DLSTM
pgrouting,3,0.8615182879660284,incubating,Oc^ --> Oc^^,DLSTM
pgrouting,4,0.8595403177236901,incubating,Oc^ --> Oc^^,DLSTM
pgrouting,5,0.8640196356186532,incubating,Oc^ --> Oc^^,DLSTM
pgrouting,6,0.8611771617347984,incubating,Oc^ --> Oc^^,DLSTM
pgrouting,7,0.8625865774760155,incubating,Oc^ --> Oc^^,DLSTM
pgrouting,8,0.8612638793441285,incubating,Oc^ --> Oc^^,DLSTM
pgrouting,9,0.8646298306396711,incubating,Oc^ --> Oc^^,DLSTM
pgrouting,10,0.863507626730283,incubating,Oc^ --> Oc^^,DLSTM
pgrouting,11,0.8619527255114319,incubating,Oc^ --> Oc^^,DLSTM
pgrouting,12,0.8535555847813795,incubating,Oc^ --> Oc^^,DLSTM
pgrouting,13,0.849433388958911,incubating,Oc^ --> Oc^^,DLSTM
pgrouting,14,0.8582263866245161,incubating,Oc^ --> Oc^^,DLSTM
pgrouting,15,0.8633113814709383,incubating,Oc^ --> Oc^^,DLSTM
pgrouting,16,0.8588534725374303,incubating,Oc^ --> Oc^^,DLSTM
pgrouting,17,0.821555699626069,incubating,Oc^ --> Oc^^,DLSTM
pgrouting,18,0.7659493288760214,incubating,Oc^ --> Oc^^,DLSTM
pgrouting,19,0.771232348098611,incubating,Oc^ --> Oc^^,DLSTM
pgrouting,20,0.5501370620754616,incubating,Oc^ --> Oc^^,DLSTM
pgrouting,21,0.47712369880589317,incubating,Oc^ --> Oc^^,DLSTM
pgrouting,22,0.6375011749931921,incubating,Oc^ --> Oc^^,DLSTM
pgrouting,23,0.4519779618775412,incubating,Oc^ --> Oc^^,DLSTM
postgis,1,0.7833744179322203,graduated,Oc^ --> Oc^^,DLSTM
postgis,2,0.8624524990141688,graduated,Oc^ --> Oc^^,DLSTM
postgis,3,0.8637545795894835,graduated,Oc^ --> Oc^^,DLSTM
postgis,4,0.8638751050152179,graduated,Oc^ --> Oc^^,DLSTM
postgis,5,0.8638976015601069,graduated,Oc^ --> Oc^^,DLSTM
postgis,6,0.8639409493535476,graduated,Oc^ --> Oc^^,DLSTM
postgis,7,0.8640693328649802,graduated,Oc^ --> Oc^^,DLSTM
postgis,8,0.8643211106199377,graduated,Oc^ --> Oc^^,DLSTM
postgis,9,0.8648087399763245,graduated,Oc^ --> Oc^^,DLSTM
postgis,10,0.8653987784496405,graduated,Oc^ --> Oc^^,DLSTM
postgis,11,0.8662085251125655,graduated,Oc^ --> Oc^^,DLSTM
postgis,12,0.8665764548947068,graduated,Oc^ --> Oc^^,DLSTM
postgis,13,0.8655460048717962,graduated,Oc^ --> Oc^^,DLSTM
postgis,14,0.8654394397623135,graduated,Oc^ --> Oc^^,DLSTM
postgis,15,0.8655355844232268,graduated,Oc^ --> Oc^^,DLSTM
postgis,16,0.8660095090574145,graduated,Oc^ --> Oc^^,DLSTM
postgis,17,0.866169852011295,graduated,Oc^ --> Oc^^,DLSTM
postgis,18,0.8657843863108319,graduated,Oc^ --> Oc^^,DLSTM
postgis,19,0.8660545558713157,graduated,Oc^ --> Oc^^,DLSTM
postgis,20,0.8661045380615768,graduated,Oc^ --> Oc^^,DLSTM
postgis,21,0.8657360840729131,graduated,Oc^ --> Oc^^,DLSTM
postgis,22,0.8657030316774357,graduated,Oc^ --> Oc^^,DLSTM
postgis,23,0.865984159555425,graduated,Oc^ --> Oc^^,DLSTM
postgis,24,0.8660805006042726,graduated,Oc^ --> Oc^^,DLSTM
postgis,25,0.8663231557265689,graduated,Oc^ --> Oc^^,DLSTM
postgis,26,0.8665624902897694,graduated,Oc^ --> Oc^^,DLSTM
postgis,27,0.8663563400474532,graduated,Oc^ --> Oc^^,DLSTM
postgis,28,0.866395321652274,graduated,Oc^ --> Oc^^,DLSTM
postgis,29,0.8662391386838241,graduated,Oc^ --> Oc^^,DLSTM
postgis,30,0.8662488616010913,graduated,Oc^ --> Oc^^,DLSTM
postgis,31,0.8664990623814002,graduated,Oc^ --> Oc^^,DLSTM
postgis,32,0.8664857288391774,graduated,Oc^ --> Oc^^,DLSTM
postgis,33,0.866685784221339,graduated,Oc^ --> Oc^^,DLSTM
postgis,34,0.8665278670829014,graduated,Oc^ --> Oc^^,DLSTM
postgis,35,0.79190651161263,graduated,Oc^ --> Oc^^,DLSTM
proj,1,0.7908544686716863,graduated,Oc^ --> Oc^^,DLSTM
proj,2,0.8654801016330547,graduated,Oc^ --> Oc^^,DLSTM
proj,3,0.8662856777855709,graduated,Oc^ --> Oc^^,DLSTM
proj,4,0.8665181472338614,graduated,Oc^ --> Oc^^,DLSTM
proj,5,0.865992315172955,graduated,Oc^ --> Oc^^,DLSTM
proj,6,0.7913262636023516,graduated,Oc^ --> Oc^^,DLSTM
pycsw,1,0.7886324225356233,graduated,Oc^ --> Oc^^,DLSTM
pycsw,2,0.8635659917080868,graduated,Oc^ --> Oc^^,DLSTM
pycsw,3,0.8640613119512354,graduated,Oc^ --> Oc^^,DLSTM
pycsw,4,0.8641287899236263,graduated,Oc^ --> Oc^^,DLSTM
pycsw,5,0.8635197476716082,graduated,Oc^ --> Oc^^,DLSTM
pycsw,6,0.8633688282634917,graduated,Oc^ --> Oc^^,DLSTM
pycsw,7,0.8646008546479058,graduated,Oc^ --> Oc^^,DLSTM
pycsw,8,0.8643908017555424,graduated,Oc^ --> Oc^^,DLSTM
pycsw,9,0.8642837816243714,graduated,Oc^ --> Oc^^,DLSTM
pycsw,10,0.8641427946546888,graduated,Oc^ --> Oc^^,DLSTM
pycsw,11,0.8647788200330073,graduated,Oc^ --> Oc^^,DLSTM
pycsw,12,0.8649255714934433,graduated,Oc^ --> Oc^^,DLSTM
pycsw,13,0.8650353177214487,graduated,Oc^ --> Oc^^,DLSTM
pycsw,14,0.8648332047265727,graduated,Oc^ --> Oc^^,DLSTM
pycsw,15,0.8658304900509131,graduated,Oc^ --> Oc^^,DLSTM
pycsw,16,0.8653260601412808,graduated,Oc^ --> Oc^^,DLSTM
pycsw,17,0.8649241015989566,graduated,Oc^ --> Oc^^,DLSTM
pycsw,18,0.8648922036017943,graduated,Oc^ --> Oc^^,DLSTM
pycsw,19,0.8653714283718014,graduated,Oc^ --> Oc^^,DLSTM
pycsw,20,0.8657754824618936,graduated,Oc^ --> Oc^^,DLSTM
pycsw,21,0.8655770419019457,graduated,Oc^ --> Oc^^,DLSTM
pycsw,22,0.8649942484626142,graduated,Oc^ --> Oc^^,DLSTM
pycsw,23,0.7917990740676525,graduated,Oc^ --> Oc^^,DLSTM
pywps,1,0.7861145349065742,graduated,Oc^ --> Oc^^,DLSTM
pywps,2,0.8585502477565481,graduated,Oc^ --> Oc^^,DLSTM
pywps,3,0.8622798674024189,graduated,Oc^ --> Oc^^,DLSTM
pywps,4,0.8604268760917025,graduated,Oc^ --> Oc^^,DLSTM
pywps,5,0.8610333616372392,graduated,Oc^ --> Oc^^,DLSTM
pywps,6,0.8537938675391447,graduated,Oc^ --> Oc^^,DLSTM
pywps,7,0.8583330074138042,graduated,Oc^ --> Oc^^,DLSTM
pywps,8,0.8612945129639626,graduated,Oc^ --> Oc^^,DLSTM
pywps,9,0.841783762684836,graduated,Oc^ --> Oc^^,DLSTM
pywps,10,0.8087053831658215,graduated,Oc^ --> Oc^^,DLSTM
pywps,11,0.856152868518952,graduated,Oc^ --> Oc^^,DLSTM
pywps,12,0.8607856904224594,graduated,Oc^ --> Oc^^,DLSTM
pywps,13,0.8615205213886272,graduated,Oc^ --> Oc^^,DLSTM
pywps,14,0.8565170731866858,graduated,Oc^ --> Oc^^,DLSTM
pywps,15,0.8423992291868382,graduated,Oc^ --> Oc^^,DLSTM
pywps,16,0.8337583541637529,graduated,Oc^ --> Oc^^,DLSTM
pywps,17,0.7903618921480817,graduated,Oc^ --> Oc^^,DLSTM
pywps,18,0.7750030527033862,graduated,Oc^ --> Oc^^,DLSTM
pywps,19,0.7559669905578362,graduated,Oc^ --> Oc^^,DLSTM
pywps,20,0.689146646046073,graduated,Oc^ --> Oc^^,DLSTM
pywps,21,0.6203993429407882,graduated,Oc^ --> Oc^^,DLSTM
pywps,22,0.6155388004794629,graduated,Oc^ --> Oc^^,DLSTM
pywps,23,0.5527816291216794,graduated,Oc^ --> Oc^^,DLSTM
qgis,1,0.7908758247078493,incubating,Oc^ --> Oc^^,DLSTM
qgis,2,0.8655307520957669,incubating,Oc^ --> Oc^^,DLSTM
qgis,3,0.8656889525882379,incubating,Oc^ --> Oc^^,DLSTM
qgis,4,0.8656321967217618,incubating,Oc^ --> Oc^^,DLSTM
qgis,5,0.8654099458346117,incubating,Oc^ --> Oc^^,DLSTM
qgis,6,0.8654892610957433,incubating,Oc^ --> Oc^^,DLSTM
qgis,7,0.8663631855452082,incubating,Oc^ --> Oc^^,DLSTM
qgis,8,0.8655769949141153,incubating,Oc^ --> Oc^^,DLSTM
qgis,9,0.8657739849052218,incubating,Oc^ --> Oc^^,DLSTM
qgis,10,0.8657193350002452,incubating,Oc^ --> Oc^^,DLSTM
qgis,11,0.8658247801241281,incubating,Oc^ --> Oc^^,DLSTM
qgis,12,0.791351066222678,incubating,Oc^ --> Oc^^,DLSTM
